date,temp_max,temp_min,temp_mean,humidity,rain,wind_max,pressure,cloud_cover,day_of_year,month,season,temp_max_tomorrow,rain_tomorrow
2020-01-01,26.9,23.8,25.0,88,6.6,13.7,1013.0,61,1,1,1,27.3,1
2020-01-02,27.3,23.7,25.5,88,2.3,11.6,1013.9,43,2,1,1,28.7,1
2020-01-03,28.7,23.6,26.1,85,1.6,11.8,1012.3,26,3,1,1,28.8,1
2020-01-04,28.8,23.7,26.4,85,0.4,12.8,1010.6,23,4,1,1,27.6,1
2020-01-05,27.6,24.7,26.1,84,5.3,11.6,1011.0,68,5,1,1,26.9,1
2020-01-06,26.9,23.9,25.6,85,4.0,17.9,1013.0,47,6,1,1,27.9,1
2020-01-07,27.9,24.3,26.0,79,2.2,22.0,1012.7,34,7,1,1,27.8,1
2020-01-08,27.8,23.8,25.4,75,0.1,14.7,1012.2,24,8,1,1,27.5,0
2020-01-09,27.5,21.5,24.6,74,0.0,10.5,1011.8,87,9,1,1,27.9,0
2020-01-10,27.9,22.6,25.1,70,0.0,14.6,1012.3,79,10,1,1,27.6,0
2020-01-11,27.6,21.8,25.2,70,0.0,16.1,1013.1,59,11,1,1,26.8,1
2020-01-12,26.8,22.5,25.0,78,2.0,18.1,1012.0,45,12,1,1,27.6,1
2020-01-13,27.6,21.4,24.3,79,0.1,13.4,1010.9,37,13,1,1,27.2,0
2020-01-14,27.2,19.5,23.9,71,0.0,12.7,1011.1,46,14,1,1,27.9,0
2020-01-15,27.9,22.3,25.2,62,0.0,14.8,1011.5,63,15,1,1,28.0,0
2020-01-16,28.0,22.5,25.4,68,0.0,15.6,1011.5,32,16,1,1,27.5,1
2020-01-17,27.5,22.9,25.3,82,2.2,15.8,1011.6,40,17,1,1,27.8,1
2020-01-18,27.8,24.3,25.9,81,10.7,16.2,1011.5,63,18,1,1,28.5,0
2020-01-19,28.5,24.7,26.2,75,0.0,13.0,1012.0,41,19,1,1,28.5,0
2020-01-20,28.5,22.8,25.7,77,0.0,13.5,1012.7,30,20,1,1,28.4,0
2020-01-21,28.4,22.8,25.7,71,0.0,16.3,1014.2,50,21,1,1,28.3,0
2020-01-22,28.3,23.4,26.1,70,0.0,19.7,1014.5,48,22,1,1,28.3,1
2020-01-23,28.3,23.4,25.9,72,0.1,16.8,1013.4,35,23,1,1,28.2,0
2020-01-24,28.2,20.9,24.1,79,0.0,12.8,1012.9,9,24,1,1,28.0,0
2020-01-25,28.0,19.5,23.3,82,0.0,12.9,1012.7,37,25,1,1,28.1,0
2020-01-26,28.1,20.0,23.5,83,0.0,11.6,1011.5,22,26,1,1,28.4,0
2020-01-27,28.4,20.7,24.5,80,0.0,17.6,1011.1,10,27,1,1,29.0,0
2020-01-28,29.0,21.8,25.7,77,0.0,18.7,1011.3,36,28,1,1,29.1,0
2020-01-29,29.1,23.0,25.8,78,0.0,17.9,1012.1,46,29,1,1,29.2,0
2020-01-30,29.2,22.0,25.3,80,0.0,17.1,1011.2,32,30,1,1,29.0,0
2020-01-31,29.0,22.8,25.7,77,0.0,14.8,1010.5,23,31,1,1,29.3,0
2020-02-01,29.3,23.8,26.6,71,0.0,15.6,1011.2,40,32,2,1,29.0,0
2020-02-02,29.0,24.3,26.4,72,0.0,16.9,1013.2,13,33,2,1,28.6,0
2020-02-03,28.6,23.3,26.0,73,0.0,14.7,1013.5,23,34,2,1,28.7,1
2020-02-04,28.7,22.9,26.0,75,1.0,13.7,1012.0,24,35,2,1,29.0,0
2020-02-05,29.0,22.8,25.9,71,0.0,12.0,1012.0,41,36,2,1,29.0,0
2020-02-06,29.0,22.3,25.6,75,0.0,16.1,1012.0,51,37,2,1,29.0,0
2020-02-07,29.0,24.0,26.5,67,0.0,22.2,1012.4,46,38,2,1,29.2,0
2020-02-08,29.2,23.7,26.5,69,0.0,20.5,1012.6,13,39,2,1,28.3,1
2020-02-09,28.3,25.7,26.7,68,0.8,17.1,1013.0,52,40,2,1,29.2,0
2020-02-10,29.2,25.0,26.8,62,0.0,16.9,1013.1,41,41,2,1,29.0,1
2020-02-11,29.0,24.4,26.4,72,0.2,19.1,1013.4,36,42,2,1,29.2,1
2020-02-12,29.2,24.7,26.7,72,0.5,18.7,1014.3,24,43,2,1,29.7,0
2020-02-13,29.7,23.8,26.3,74,0.0,17.3,1013.5,46,44,2,1,30.6,0
2020-02-14,30.6,21.4,25.5,74,0.0,15.5,1011.3,9,45,2,1,29.8,0
2020-02-15,29.8,20.5,24.9,71,0.0,11.9,1011.3,16,46,2,1,28.7,0
2020-02-16,28.7,21.3,25.1,71,0.0,12.4,1012.9,19,47,2,1,29.1,0
2020-02-17,29.1,22.2,25.3,68,0.0,12.1,1013.7,18,48,2,1,29.1,0
2020-02-18,29.1,21.0,25.2,68,0.0,13.8,1013.2,1,49,2,1,29.0,0
2020-02-19,29.0,22.5,25.7,65,0.0,14.2,1013.0,63,50,2,1,29.5,0
2020-02-20,29.5,22.6,25.9,62,0.0,14.8,1012.7,25,51,2,1,30.0,0
2020-02-21,30.0,21.7,26.4,67,0.0,18.8,1013.9,25,52,2,1,29.8,1
2020-02-22,29.8,25.1,27.0,73,0.3,21.1,1014.7,31,53,2,1,29.5,1
2020-02-23,29.5,24.6,26.8,74,0.8,18.0,1014.0,78,54,2,1,29.8,0
2020-02-24,29.8,23.0,26.5,76,0.0,14.1,1011.4,85,55,2,1,30.2,1
2020-02-25,30.2,25.0,27.1,75,0.1,17.1,1010.0,80,56,2,1,30.0,1
2020-02-26,30.0,24.9,27.2,75,0.4,15.8,1010.4,30,57,2,1,30.0,1
2020-02-27,30.0,24.7,27.2,74,0.2,16.6,1010.8,65,58,2,1,29.7,1
2020-02-28,29.7,25.2,27.0,72,0.3,17.4,1010.2,92,59,2,1,29.6,1
2020-02-29,29.6,24.2,26.8,73,0.5,16.3,1010.1,59,60,2,1,29.7,1
2020-03-01,29.7,24.7,26.8,71,0.2,15.1,1010.3,53,61,3,2,29.5,0
2020-03-02,29.5,23.3,26.4,71,0.0,15.6,1010.6,52,62,3,2,31.0,0
2020-03-03,31.0,23.5,27.0,70,0.0,15.7,1009.9,54,63,3,2,30.9,0
2020-03-04,30.9,23.1,26.8,76,0.0,20.2,1009.3,51,64,3,2,30.5,0
2020-03-05,30.5,23.8,27.2,75,0.0,24.7,1008.7,34,65,3,2,30.0,1
2020-03-06,30.0,25.2,27.5,74,0.6,22.5,1009.4,40,66,3,2,29.6,1
2020-03-07,29.6,26.3,27.6,74,0.7,23.8,1010.7,41,67,3,2,29.8,1
2020-03-08,29.8,25.1,27.3,74,0.2,19.4,1010.5,24,68,3,2,30.4,0
2020-03-09,30.4,23.8,26.9,73,0.0,17.1,1009.4,19,69,3,2,30.5,0
2020-03-10,30.5,24.9,27.3,71,0.0,17.9,1009.6,54,70,3,2,30.2,0
2020-03-11,30.2,24.2,26.9,73,0.0,22.6,1010.1,45,71,3,2,31.0,0
2020-03-12,31.0,24.1,27.4,73,0.0,20.0,1011.1,30,72,3,2,30.7,0
2020-03-13,30.7,24.2,27.5,73,0.0,16.9,1011.2,43,73,3,2,30.9,0
2020-03-14,30.9,24.3,27.5,73,0.0,16.4,1010.2,46,74,3,2,30.7,0
2020-03-15,30.7,24.4,27.7,71,0.0,15.2,1010.0,31,75,3,2,31.2,0
2020-03-16,31.2,26.2,28.2,71,0.0,16.0,1011.0,45,76,3,2,31.4,0
2020-03-17,31.4,24.8,27.8,75,0.0,15.3,1012.4,71,77,3,2,31.5,0
2020-03-18,31.5,24.4,27.7,78,0.0,16.3,1011.5,53,78,3,2,32.3,0
2020-03-19,32.3,25.2,28.1,77,0.0,21.6,1010.2,18,79,3,2,31.6,0
2020-03-20,31.6,24.2,27.8,77,0.0,23.2,1010.0,16,80,3,2,31.7,0
2020-03-21,31.7,25.3,28.1,75,0.0,25.4,1009.8,36,81,3,2,31.5,0
2020-03-22,31.5,25.7,28.2,74,0.0,21.0,1009.7,28,82,3,2,31.3,0
2020-03-23,31.3,25.4,28.0,70,0.0,20.0,1009.8,18,83,3,2,31.2,0
2020-03-24,31.2,24.7,27.9,72,0.0,16.5,1008.5,17,84,3,2,31.4,0
2020-03-25,31.4,24.1,27.8,72,0.0,16.8,1008.5,63,85,3,2,31.6,0
2020-03-26,31.6,24.4,28.1,72,0.0,15.7,1009.2,44,86,3,2,31.8,0
2020-03-27,31.8,24.8,27.8,71,0.0,16.5,1010.8,32,87,3,2,32.1,0
2020-03-28,32.1,23.2,27.3,73,0.0,16.5,1009.7,13,88,3,2,32.4,0
2020-03-29,32.4,23.2,27.6,74,0.0,18.9,1008.7,6,89,3,2,31.5,0
2020-03-30,31.5,22.8,27.1,76,0.0,17.3,1009.4,22,90,3,2,32.0,0
2020-03-31,32.0,23.0,27.5,76,0.0,15.8,1009.9,54,91,3,2,32.7,0
2020-04-01,32.7,23.7,28.0,76,0.0,18.2,1009.2,23,92,4,2,33.1,0
2020-04-02,33.1,24.9,28.5,77,0.0,21.0,1008.1,66,93,4,2,32.4,0
2020-04-03,32.4,25.7,28.8,75,0.0,22.0,1008.8,28,94,4,2,32.1,0
2020-04-04,32.1,25.0,28.6,74,0.0,18.6,1009.8,15,95,4,2,32.3,1
2020-04-05,32.3,26.8,29.3,76,1.0,19.7,1010.2,43,96,4,2,32.8,1
2020-04-06,32.8,27.0,29.4,78,1.3,22.5,1009.9,52,97,4,2,32.4,1
2020-04-07,32.4,27.1,29.3,77,0.6,24.6,1008.6,80,98,4,2,33.2,1
2020-04-08,33.2,27.1,29.6,77,0.8,24.9,1008.8,32,99,4,2,32.1,1
2020-04-09,32.1,27.3,29.3,78,1.5,20.0,1009.2,36,100,4,2,32.6,1
2020-04-10,32.6,25.8,29.0,74,0.1,20.2,1010.0,40,101,4,2,32.1,1
2020-04-11,32.1,26.9,29.0,73,0.3,15.7,1011.1,32,102,4,2,32.3,0
2020-04-12,32.3,25.2,28.3,76,0.0,17.8,1010.2,20,103,4,2,32.3,0
2020-04-13,32.3,24.6,28.2,77,0.0,19.3,1008.6,13,104,4,2,32.4,0
2020-04-14,32.4,24.4,28.2,75,0.0,17.2,1009.0,15,105,4,2,32.4,0
2020-04-15,32.4,25.4,28.7,73,0.0,19.3,1010.0,12,106,4,2,32.8,0
2020-04-16,32.8,25.1,28.9,77,0.0,23.6,1008.7,14,107,4,2,33.2,0
2020-04-17,33.2,26.9,29.6,75,0.0,25.3,1008.0,17,108,4,2,32.8,1
2020-04-18,32.8,26.7,29.5,75,0.2,23.2,1008.4,18,109,4,2,32.8,1
2020-04-19,32.8,27.2,29.7,75,0.2,20.5,1008.3,14,110,4,2,33.0,1
2020-04-20,33.0,27.0,29.6,75,0.2,19.9,1008.3,11,111,4,2,32.8,0
2020-04-21,32.8,26.2,29.5,74,0.0,19.0,1008.2,18,112,4,2,33.4,1
2020-04-22,33.4,26.3,29.6,76,0.2,27.1,1007.7,70,113,4,2,33.5,0
2020-04-23,33.5,27.0,29.8,76,0.0,24.5,1007.3,85,114,4,2,33.6,1
2020-04-24,33.6,27.2,30.1,75,0.2,26.9,1006.8,49,115,4,2,34.6,0
2020-04-25,34.6,28.3,30.6,76,0.0,26.3,1006.4,75,116,4,2,33.6,1
2020-04-26,33.6,26.7,30.0,76,0.5,25.7,1007.6,77,117,4,2,32.9,1
2020-04-27,32.9,28.3,30.1,76,2.9,19.4,1008.4,80,118,4,2,32.8,1
2020-04-28,32.8,27.9,30.0,75,0.9,19.2,1008.0,30,119,4,2,34.2,0
2020-04-29,34.2,27.4,29.8,74,0.0,14.8,1007.8,73,120,4,2,33.1,1
2020-04-30,33.1,27.0,29.9,78,0.3,21.4,1008.1,76,121,4,2,34.0,0
2020-05-01,34.0,27.3,30.3,76,0.0,21.0,1007.4,29,122,5,2,33.7,0
2020-05-02,33.7,27.3,30.4,78,0.0,20.9,1006.2,27,123,5,2,33.8,0
2020-05-03,33.8,27.6,30.3,78,0.0,23.2,1006.1,29,124,5,2,33.5,0
2020-05-04,33.5,26.5,29.9,76,0.0,23.7,1007.2,45,125,5,2,33.6,0
2020-05-05,33.6,27.5,30.1,77,0.0,23.5,1006.9,24,126,5,2,33.4,0
2020-05-06,33.4,27.2,30.2,74,0.0,23.7,1006.6,25,127,5,2,33.8,1
2020-05-07,33.8,27.3,30.3,77,0.2,25.0,1006.8,63,128,5,2,33.9,1
2020-05-08,33.9,27.6,30.4,76,0.2,21.2,1006.8,21,129,5,2,33.8,0
2020-05-09,33.8,27.7,30.5,76,0.0,20.5,1006.9,25,130,5,2,33.5,0
2020-05-10,33.5,27.2,30.2,76,0.0,17.3,1006.8,21,131,5,2,33.4,1
2020-05-11,33.4,27.2,30.3,75,0.3,14.8,1007.2,72,132,5,2,31.2,1
2020-05-12,31.2,27.8,29.3,80,1.0,16.5,1006.9,73,133,5,2,33.3,0
2020-05-13,33.3,27.0,30.0,76,0.0,15.8,1005.9,74,134,5,2,33.3,1
2020-05-14,33.3,27.4,30.2,75,0.2,16.7,1005.2,43,135,5,2,33.9,1
2020-05-15,33.9,26.9,30.4,75,0.7,20.0,1003.7,48,136,5,2,35.5,1
2020-05-16,35.5,27.4,30.9,72,0.1,21.9,1002.9,94,137,5,2,34.9,0
2020-05-17,34.9,27.3,30.7,74,0.0,20.1,1001.4,100,138,5,2,38.7,1
2020-05-18,38.7,28.6,32.1,65,0.4,18.5,999.0,100,139,5,2,42.0,1
2020-05-19,42.0,28.8,34.1,54,0.1,25.1,997.5,100,140,5,2,41.6,0
2020-05-20,41.6,30.5,34.1,54,0.0,23.8,999.0,99,141,5,2,38.9,0
2020-05-21,38.9,30.1,32.9,58,0.0,29.7,1001.4,52,142,5,2,38.2,0
2020-05-22,38.2,28.9,32.3,66,0.0,21.2,1002.6,36,143,5,2,35.4,0
2020-05-23,35.4,28.7,31.3,75,0.0,24.4,1003.4,16,144,5,2,34.3,1
2020-05-24,34.3,28.6,30.9,78,0.2,23.4,1004.6,26,145,5,2,34.1,1
2020-05-25,34.1,28.6,30.7,77,0.1,21.7,1005.9,41,146,5,2,33.9,1
2020-05-26,33.9,28.6,30.7,77,1.1,25.3,1005.7,51,147,5,2,34.7,1
2020-05-27,34.7,29.0,31.2,77,0.2,26.4,1004.9,39,148,5,2,35.5,0
2020-05-28,35.5,29.0,31.7,75,0.0,26.9,1003.3,47,149,5,2,35.8,0
2020-05-29,35.8,29.0,31.7,68,0.0,24.2,1003.5,49,150,5,2,33.5,0
2020-05-30,33.5,29.2,31.0,75,0.0,21.6,1004.8,35,151,5,2,33.9,0
2020-05-31,33.9,28.7,30.8,74,0.0,25.7,1005.8,47,152,5,2,35.0,0
2020-06-01,35.0,28.9,31.1,73,0.0,23.0,1006.3,81,153,6,3,34.6,1
2020-06-02,34.6,28.6,30.9,71,0.7,22.8,1005.7,95,154,6,3,35.8,0
2020-06-03,35.8,28.5,31.3,64,0.0,26.1,1004.7,89,155,6,3,35.8,0
2020-06-04,35.8,28.8,31.6,66,0.0,25.1,1004.7,77,156,6,3,36.3,1
2020-06-05,36.3,29.9,31.9,64,0.7,21.9,1004.7,67,157,6,3,36.5,1
2020-06-06,36.5,27.9,31.3,65,2.2,21.7,1004.1,82,158,6,3,36.8,0
2020-06-07,36.8,29.3,31.9,59,0.0,25.2,1003.3,98,159,6,3,37.1,1
2020-06-08,37.1,28.8,32.0,58,0.1,18.0,1002.9,77,160,6,3,36.9,0
2020-06-09,36.9,28.6,31.4,65,0.0,19.1,1002.2,93,161,6,3,33.6,1
2020-06-10,33.6,27.3,30.8,64,0.8,17.7,1001.6,98,162,6,3,34.9,1
2020-06-11,34.9,26.8,30.0,65,1.2,24.5,1000.9,100,163,6,3,36.3,0
2020-06-12,36.3,27.7,31.4,56,0.0,27.8,1000.3,87,164,6,3,36.1,1
2020-06-13,36.1,28.8,31.2,59,0.7,26.8,1001.0,78,165,6,3,36.9,1
2020-06-14,36.9,29.0,31.6,64,0.7,22.1,1002.0,69,166,6,3,38.4,1
2020-06-15,38.4,30.1,32.4,57,1.9,22.0,1002.0,91,167,6,3,37.1,0
2020-06-16,37.1,29.0,31.9,65,0.0,24.0,1001.3,98,168,6,3,36.9,1
2020-06-17,36.9,28.3,31.7,64,0.5,23.8,1002.0,93,169,6,3,36.7,1
2020-06-18,36.7,29.7,32.0,61,0.3,17.2,1003.5,99,170,6,3,37.2,1
2020-06-19,37.2,29.3,31.9,60,0.3,20.7,1003.8,94,171,6,3,37.0,1
2020-06-20,37.0,28.6,31.5,63,0.4,22.1,1003.6,95,172,6,3,36.7,1
2020-06-21,36.7,27.9,31.0,65,0.4,14.6,1002.9,100,173,6,3,36.3,1
2020-06-22,36.3,26.6,30.4,69,7.1,18.2,1001.6,96,174,6,3,33.5,1
2020-06-23,33.5,25.9,29.2,77,8.1,16.5,1003.6,77,175,6,3,32.6,1
2020-06-24,32.6,25.9,28.9,79,2.5,13.2,1004.0,55,176,6,3,30.8,1
2020-06-25,30.8,26.2,28.4,80,1.3,15.8,1003.3,71,177,6,3,31.3,1
2020-06-26,31.3,25.7,28.6,80,3.3,20.6,1002.9,36,178,6,3,32.8,1
2020-06-27,32.8,27.0,29.8,79,2.1,15.3,1002.7,27,179,6,3,32.4,1
2020-06-28,32.4,27.1,29.5,80,2.8,15.6,1002.6,52,180,6,3,31.4,1
2020-06-29,31.4,26.7,29.0,81,5.7,13.7,1002.1,59,181,6,3,31.7,1
2020-06-30,31.7,26.0,28.4,83,10.3,15.9,1002.1,80,182,6,3,32.8,1
2020-07-01,32.8,25.8,29.0,83,7.1,13.6,1002.7,96,183,7,3,31.1,1
2020-07-02,31.1,26.6,28.8,79,4.9,18.5,1002.3,99,184,7,3,32.7,1
2020-07-03,32.7,25.8,28.8,76,1.8,17.1,1001.8,98,185,7,3,31.7,1
2020-07-04,31.7,25.6,28.5,76,1.7,19.9,1002.0,99,186,7,3,32.4,0
2020-07-05,32.4,26.8,29.0,77,0.0,17.7,1001.7,98,187,7,3,33.5,1
2020-07-06,33.5,26.9,29.4,76,1.4,18.2,1001.8,100,188,7,3,34.6,1
2020-07-07,34.6,26.8,29.7,75,2.6,17.4,1003.5,81,189,7,3,31.9,1
2020-07-08,31.9,26.0,28.6,83,5.8,15.9,1004.8,87,190,7,3,31.3,1
2020-07-09,31.3,25.6,28.1,82,17.0,13.8,1004.4,90,191,7,3,32.3,1
2020-07-10,32.3,25.0,28.2,80,22.2,15.8,1004.8,74,192,7,3,30.1,1
2020-07-11,30.1,25.5,27.8,82,5.4,15.5,1004.4,66,193,7,3,33.6,1
2020-07-12,33.6,26.5,29.2,80,5.7,14.1,1003.3,38,194,7,3,32.0,1
2020-07-13,32.0,24.9,28.4,82,5.8,13.7,1002.8,74,195,7,3,31.8,1
2020-07-14,31.8,26.8,28.9,78,0.8,12.1,1002.5,98,196,7,3,32.5,1
2020-07-15,32.5,26.2,28.8,79,4.0,15.6,1002.2,99,197,7,3,31.8,1
2020-07-16,31.8,26.2,28.3,79,0.8,17.0,1001.9,98,198,7,3,32.7,1
2020-07-17,32.7,25.9,29.0,77,1.1,15.4,1002.0,95,199,7,3,32.0,0
2020-07-18,32.0,26.6,28.8,77,0.0,15.3,1003.4,93,200,7,3,30.5,1
2020-07-19,30.5,26.1,28.3,83,3.9,15.8,1004.2,77,201,7,3,30.6,1
2020-07-20,30.6,25.9,28.4,83,6.6,22.9,1003.7,78,202,7,3,30.7,1
2020-07-21,30.7,26.8,28.9,81,0.5,18.9,1004.5,75,203,7,3,31.4,1
2020-07-22,31.4,26.9,28.8,80,0.7,21.2,1004.9,92,204,7,3,31.8,1
2020-07-23,31.8,25.9,28.7,79,11.9,18.8,1004.3,100,205,7,3,31.7,1
2020-07-24,31.7,25.2,28.2,83,9.7,19.6,1004.8,81,206,7,3,31.9,1
2020-07-25,31.9,25.3,28.4,83,2.3,13.8,1005.8,77,207,7,3,32.1,1
2020-07-26,32.1,25.2,28.3,78,0.3,13.6,1006.6,86,208,7,3,32.6,1
2020-07-27,32.6,26.6,29.0,79,5.5,8.6,1005.3,96,209,7,3,33.3,1
2020-07-28,33.3,25.4,28.7,78,13.2,13.3,1003.4,82,210,7,3,31.2,1
2020-07-29,31.2,25.2,27.3,87,25.1,13.2,1002.8,95,211,7,3,32.4,1
2020-07-30,32.4,26.0,28.5,82,8.9,13.6,1003.0,85,212,7,3,32.2,1
2020-07-31,32.2,25.6,28.6,83,5.2,17.3,1002.7,75,213,7,3,32.6,1
2020-08-01,32.6,25.9,28.7,80,0.6,17.7,1002.9,79,214,8,3,32.7,1
2020-08-02,32.7,26.5,29.0,77,8.2,15.8,1002.8,98,215,8,3,31.2,1
2020-08-03,31.2,25.5,28.0,78,1.5,18.9,1001.6,100,216,8,3,31.5,1
2020-08-04,31.5,27.2,28.7,70,0.7,15.8,999.8,100,217,8,3,29.5,1
2020-08-05,29.5,25.3,27.6,74,3.5,23.7,998.6,98,218,8,3,33.0,0
2020-08-06,33.0,26.6,29.3,72,0.0,21.3,1000.2,92,219,8,3,34.2,1
2020-08-07,34.2,26.7,29.9,71,1.3,18.9,1003.0,99,220,8,3,33.4,1
2020-08-08,33.4,27.8,30.0,71,0.8,22.1,1003.4,99,221,8,3,30.3,1
2020-08-09,30.3,25.6,28.0,78,5.4,20.6,1002.9,100,222,8,3,32.3,1
2020-08-10,32.3,25.3,28.0,82,9.9,17.8,1003.5,89,223,8,3,34.0,1
2020-08-11,34.0,26.1,29.1,76,4.7,20.0,1004.5,75,224,8,3,32.5,1
2020-08-12,32.5,25.9,28.4,79,0.5,16.6,1005.4,94,225,8,3,32.7,1
2020-08-13,32.7,26.7,29.1,74,0.1,17.0,1003.6,100,226,8,3,31.9,1
2020-08-14,31.9,26.6,28.6,77,0.3,15.1,1002.6,100,227,8,3,32.2,0
2020-08-15,32.2,26.7,28.7,74,0.0,16.3,1003.2,99,228,8,3,31.8,1
2020-08-16,31.8,25.9,28.3,72,1.4,13.0,1003.9,98,229,8,3,31.9,1
2020-08-17,31.9,25.2,28.1,78,2.8,14.9,1003.5,87,230,8,3,33.3,1
2020-08-18,33.3,26.6,28.9,75,3.3,13.9,1003.6,91,231,8,3,33.4,0
2020-08-19,33.4,26.7,29.3,72,0.0,15.8,1002.6,98,232,8,3,31.5,0
2020-08-20,31.5,27.7,29.0,76,0.0,14.5,1002.7,100,233,8,3,32.5,1
2020-08-21,32.5,27.0,29.2,80,0.9,16.9,1004.9,81,234,8,3,32.0,1
2020-08-22,32.0,26.3,28.9,82,6.3,16.8,1006.0,67,235,8,3,32.5,1
2020-08-23,32.5,25.5,28.5,83,7.1,19.9,1005.9,77,236,8,3,31.2,1
2020-08-24,31.2,25.0,27.7,83,9.7,14.3,1006.4,95,237,8,3,30.4,1
2020-08-25,30.4,26.4,28.2,83,3.3,10.9,1006.9,99,238,8,3,32.0,1
2020-08-26,32.0,26.3,28.5,85,3.7,12.7,1006.5,99,239,8,3,32.9,1
2020-08-27,32.9,25.4,28.7,82,1.5,13.7,1005.4,98,240,8,3,32.8,1
2020-08-28,32.8,26.0,28.7,80,2.3,14.6,1004.5,83,241,8,3,31.6,1
2020-08-29,31.6,26.3,28.7,82,2.0,13.6,1004.7,73,242,8,3,31.3,1
2020-08-30,31.3,25.3,28.6,83,6.8,12.8,1005.3,46,243,8,3,32.5,1
2020-08-31,32.5,24.9,28.5,81,7.2,16.3,1005.7,75,244,8,3,31.7,1
2020-09-01,31.7,25.5,27.9,85,12.4,13.7,1005.5,84,245,9,3,30.1,1
2020-09-02,30.1,25.6,27.7,85,17.0,13.2,1005.1,77,246,9,3,30.4,1
2020-09-03,30.4,25.2,27.8,83,0.3,13.2,1005.5,72,247,9,3,29.7,1
2020-09-04,29.7,25.4,27.7,84,3.2,15.1,1005.5,40,248,9,3,30.5,1
2020-09-05,30.5,25.7,28.1,84,0.9,15.3,1004.8,50,249,9,3,30.5,1
2020-09-06,30.5,26.0,28.3,82,4.3,23.4,1004.5,67,250,9,3,31.2,1
2020-09-07,31.2,25.5,28.0,83,1.9,11.8,1004.9,83,251,9,3,32.3,1
2020-09-08,32.3,26.1,28.8,80,5.3,10.5,1005.2,52,252,9,3,30.9,1
2020-09-09,30.9,25.9,28.1,84,5.3,14.6,1004.4,92,253,9,3,30.4,1
2020-09-10,30.4,25.6,28.0,83,2.2,17.2,1002.7,94,254,9,3,31.2,1
2020-09-11,31.2,26.4,28.5,76,1.1,15.5,1003.2,97,255,9,3,29.1,1
2020-09-12,29.1,25.2,26.8,86,7.0,14.1,1005.5,100,256,9,3,27.6,1
2020-09-13,27.6,25.3,26.1,89,24.6,18.1,1005.4,100,257,9,3,30.2,1
2020-09-14,30.2,24.6,26.9,81,4.4,16.6,1004.0,98,258,9,3,31.2,1
2020-09-15,31.2,26.0,28.1,75,3.8,16.7,1003.9,92,259,9,3,32.2,1
2020-09-16,32.2,25.4,28.2,82,4.6,15.7,1004.1,80,260,9,3,32.4,1
2020-09-17,32.4,26.2,28.7,80,1.5,13.2,1004.2,83,261,9,3,31.9,1
2020-09-18,31.9,26.0,28.4,80,11.3,15.3,1002.7,95,262,9,3,27.9,1
2020-09-19,27.9,24.4,26.3,88,13.9,16.4,1001.2,100,263,9,3,30.2,1
2020-09-20,30.2,25.5,27.3,78,0.9,24.7,1000.5,100,264,9,3,29.8,0
2020-09-21,29.8,25.7,27.6,75,0.0,17.9,1001.3,100,265,9,3,32.8,1
2020-09-22,32.8,25.8,28.8,74,0.1,22.9,1002.5,53,266,9,3,33.3,1
2020-09-23,33.3,25.6,28.6,72,0.2,18.0,1004.5,40,267,9,3,33.4,0
2020-09-24,33.4,26.2,29.2,77,0.0,13.8,1006.3,70,268,9,3,31.3,1
2020-09-25,31.3,26.8,28.6,82,5.3,20.9,1006.2,73,269,9,3,31.8,1
2020-09-26,31.8,26.0,28.1,80,2.4,12.2,1006.2,93,270,9,3,32.0,1
2020-09-27,32.0,25.5,27.9,84,2.4,10.9,1006.3,93,271,9,3,32.3,1
2020-09-28,32.3,26.0,28.3,79,1.6,12.6,1005.6,90,272,9,3,33.2,1
2020-09-29,33.2,24.1,27.6,82,24.1,15.3,1004.6,74,273,9,3,29.9,1
2020-09-30,29.9,24.4,27.1,83,3.6,13.7,1003.7,88,274,9,3,31.5,1
2020-10-01,31.5,24.5,28.0,74,11.3,17.0,1003.9,81,275,10,4,32.8,1
2020-10-02,32.8,25.7,29.1,72,0.5,13.4,1003.9,66,276,10,4,33.6,1
2020-10-03,33.6,26.6,29.6,70,0.1,16.6,1004.1,86,277,10,4,33.6,1
2020-10-04,33.6,27.1,29.4,67,0.3,17.1,1005.1,94,278,10,4,33.9,0
2020-10-05,33.9,26.5,29.4,69,0.0,17.4,1004.5,93,279,10,4,33.5,1
2020-10-06,33.5,26.1,29.2,73,0.4,15.8,1004.4,42,280,10,4,33.8,1
2020-10-07,33.8,26.8,29.4,77,0.5,14.3,1005.3,39,281,10,4,32.7,1
2020-10-08,32.7,26.0,28.8,81,2.6,16.0,1005.5,27,282,10,4,31.3,1
2020-10-09,31.3,26.1,28.4,84,5.4,15.1,1005.7,58,283,10,4,28.7,1
2020-10-10,28.7,25.4,27.0,88,28.5,10.5,1005.0,98,284,10,4,29.8,1
2020-10-11,29.8,24.4,26.7,85,21.6,13.7,1002.9,100,285,10,4,31.1,1
2020-10-12,31.1,25.2,27.5,81,1.5,13.6,1001.0,100,286,10,4,31.8,1
2020-10-13,31.8,25.6,28.4,75,1.7,21.9,999.3,87,287,10,4,32.9,1
2020-10-14,32.9,26.2,29.2,64,0.2,18.2,1001.0,90,288,10,4,32.4,0
2020-10-15,32.4,26.4,28.8,68,0.0,14.9,1002.6,42,289,10,4,32.1,1
2020-10-16,32.1,26.2,28.7,83,3.8,11.3,1002.9,32,290,10,4,30.5,1
2020-10-17,30.5,25.5,27.4,87,24.8,12.4,1004.4,79,291,10,4,29.3,1
2020-10-18,29.3,25.0,26.8,88,12.1,11.5,1005.1,98,292,10,4,30.6,1
2020-10-19,30.6,24.9,27.5,86,6.1,12.7,1004.5,82,293,10,4,28.4,1
2020-10-20,28.4,25.0,26.4,90,26.2,12.6,1003.9,98,294,10,4,30.4,1
2020-10-21,30.4,24.7,26.6,88,10.4,10.8,1004.5,99,295,10,4,31.9,1
2020-10-22,31.9,25.0,27.7,84,18.6,10.6,1004.2,80,296,10,4,31.8,1
2020-10-23,31.8,24.4,27.4,81,22.5,15.3,1004.7,91,297,10,4,32.1,1
2020-10-24,32.1,25.3,28.0,79,2.1,13.7,1006.1,88,298,10,4,31.0,0
2020-10-25,31.0,25.1,27.8,82,0.0,13.7,1007.7,94,299,10,4,30.8,0
2020-10-26,30.8,25.1,27.4,84,0.0,16.1,1008.6,25,300,10,4,29.0,1
2020-10-27,29.0,24.7,26.7,85,1.9,15.6,1008.1,29,301,10,4,28.0,1
2020-10-28,28.0,24.6,26.2,82,9.4,21.8,1008.8,64,302,10,4,27.0,1
2020-10-29,27.0,23.7,25.0,87,16.0,16.6,1009.1,83,303,10,4,30.4,1
2020-10-30,30.4,23.7,26.9,77,0.3,17.8,1008.5,25,304,10,4,31.0,0
2020-10-31,31.0,23.4,26.9,80,0.0,14.8,1008.5,9,305,10,4,30.8,0
2020-11-01,30.8,23.2,27.0,82,0.0,12.7,1009.3,79,306,11,4,30.8,1
2020-11-02,30.8,24.2,27.4,84,0.2,12.4,1009.9,26,307,11,4,30.4,1
2020-11-03,30.4,24.7,27.5,84,0.5,16.4,1009.9,35,308,11,4,28.8,1
2020-11-04,28.8,25.7,26.9,87,9.2,16.6,1009.7,76,309,11,4,29.8,1
2020-11-05,29.8,24.9,27.3,84,7.5,14.4,1010.2,53,310,11,4,28.8,1
2020-11-06,28.8,25.3,27.0,86,5.0,14.6,1011.7,54,311,11,4,28.6,1
2020-11-07,28.6,25.5,26.8,88,5.7,17.7,1012.3,49,312,11,4,29.8,1
2020-11-08,29.8,25.7,27.8,73,1.0,25.0,1012.3,26,313,11,4,29.4,0
2020-11-09,29.4,25.2,27.1,68,0.0,23.3,1011.3,14,314,11,4,29.1,1
2020-11-10,29.1,23.6,26.5,68,0.1,20.6,1009.4,48,315,11,4,27.8,1
2020-11-11,27.8,23.8,25.6,87,6.4,20.6,1009.1,83,316,11,4,27.9,1
2020-11-12,27.9,24.4,25.8,89,19.5,18.4,1010.3,94,317,11,4,28.6,1
2020-11-13,28.6,25.0,26.8,86,8.4,17.9,1010.1,81,318,11,4,29.9,1
2020-11-14,29.9,25.3,27.5,81,2.0,23.5,1008.9,43,319,11,4,27.0,1
2020-11-15,27.0,25.4,26.0,90,25.4,19.3,1008.4,97,320,11,4,26.1,1
2020-11-16,26.1,24.8,25.2,93,53.5,16.4,1009.9,100,321,11,4,28.7,1
2020-11-17,28.7,24.3,26.3,88,10.2,22.2,1009.4,68,322,11,4,28.3,1
2020-11-18,28.3,24.5,26.5,86,3.5,17.2,1009.8,61,323,11,4,29.3,1
2020-11-19,29.3,25.4,27.2,80,1.1,15.9,1009.9,84,324,11,4,29.2,1
2020-11-20,29.2,24.0,26.3,81,0.1,15.7,1010.6,50,325,11,4,28.4,0
2020-11-21,28.4,22.6,25.1,82,0.0,14.3,1011.0,14,326,11,4,28.5,0
2020-11-22,28.5,20.8,24.7,82,0.0,16.3,1011.3,76,327,11,4,29.2,1
2020-11-23,29.2,24.5,26.5,78,1.7,24.5,1010.6,98,328,11,4,26.6,1
2020-11-24,26.6,24.3,25.0,90,20.0,26.4,1009.1,100,329,11,4,26.4,1
2020-11-25,26.4,24.3,25.1,91,97.3,46.1,1004.8,100,330,11,4,28.0,1
2020-11-26,28.0,24.2,26.1,83,11.4,50.2,1000.8,100,331,11,4,28.1,1
2020-11-27,28.1,22.1,25.0,77,2.1,25.6,1008.2,75,332,11,4,28.1,1
2020-11-28,28.1,22.4,25.3,85,3.0,11.8,1011.4,50,333,11,4,27.7,1
2020-11-29,27.7,23.8,25.6,89,4.1,16.8,1011.8,57,334,11,4,28.7,1
2020-11-30,28.7,24.7,26.3,80,2.0,22.2,1011.7,82,335,11,4,28.8,0
2020-12-01,28.8,24.1,26.4,70,0.0,24.4,1011.7,88,336,12,4,27.6,1
2020-12-02,27.6,24.5,25.6,83,10.1,26.4,1009.8,95,337,12,4,25.4,1
2020-12-03,25.4,24.3,24.8,92,57.0,26.1,1008.2,100,338,12,4,25.4,1
2020-12-04,25.4,24.3,24.8,92,46.5,26.2,1007.9,100,339,12,4,26.7,1
2020-12-05,26.7,24.4,25.1,91,18.9,26.0,1008.4,99,340,12,4,26.8,1
2020-12-06,26.8,24.5,25.4,90,21.5,19.9,1010.2,96,341,12,4,26.4,1
2020-12-07,26.4,24.4,25.2,91,29.7,19.1,1012.0,94,342,12,4,28.6,1
2020-12-08,28.6,24.5,25.9,88,13.6,20.0,1012.3,53,343,12,4,28.4,1
2020-12-09,28.4,24.0,25.7,82,5.9,16.7,1012.0,47,344,12,4,28.0,0
2020-12-10,28.0,22.6,25.1,77,0.0,12.2,1012.0,31,345,12,4,28.0,1
2020-12-11,28.0,21.8,24.7,78,0.1,16.6,1011.9,41,346,12,4,27.9,0
2020-12-12,27.9,22.1,24.9,74,0.0,14.1,1011.5,37,347,12,4,27.7,0
2020-12-13,27.7,21.2,24.4,80,0.0,13.3,1010.7,31,348,12,4,27.9,0
2020-12-14,27.9,22.8,25.3,72,0.0,12.2,1010.7,40,349,12,4,28.0,1
2020-12-15,28.0,23.0,25.8,74,1.2,22.3,1011.6,46,350,12,4,28.2,1
2020-12-16,28.2,24.5,26.2,77,4.4,20.1,1012.1,94,351,12,4,28.0,1
2020-12-17,28.0,25.2,26.3,76,1.1,20.9,1012.0,96,352,12,4,28.1,1
2020-12-18,28.1,24.5,26.1,76,1.0,23.2,1011.9,79,353,12,4,28.1,1
2020-12-19,28.1,24.8,26.2,74,0.2,19.7,1012.7,81,354,12,4,27.6,0
2020-12-20,27.6,24.6,25.9,66,0.0,24.4,1013.1,56,355,12,4,27.0,0
2020-12-21,27.0,23.7,25.4,61,0.0,24.1,1012.4,66,356,12,4,26.9,0
2020-12-22,26.9,22.2,24.8,65,0.0,17.6,1011.7,82,357,12,4,26.9,0
2020-12-23,26.9,22.3,24.5,67,0.0,19.4,1010.9,52,358,12,4,27.2,0
2020-12-24,27.2,20.2,24.0,69,0.0,19.5,1010.0,55,359,12,4,27.3,0
2020-12-25,27.3,22.7,24.6,67,0.0,17.7,1010.9,47,360,12,4,27.5,0
2020-12-26,27.5,22.3,25.2,65,0.0,19.8,1011.6,40,361,12,4,28.1,0
2020-12-27,28.1,23.2,25.3,70,0.0,20.6,1010.9,35,362,12,4,27.7,0
2020-12-28,27.7,22.6,25.1,69,0.0,21.1,1010.6,68,363,12,4,28.2,1
2020-12-29,28.2,24.0,25.9,72,0.3,20.4,1010.3,61,364,12,4,26.4,1
2020-12-30,26.4,24.1,24.8,84,43.3,23.6,1010.5,84,365,12,4,27.8,1
2020-12-31,27.8,24.9,25.9,73,0.9,25.7,1011.1,72,366,12,4,27.0,1
2021-01-01,27.0,24.1,25.5,68,0.1,22.0,1011.9,71,1,1,1,25.5,1
2021-01-02,25.5,23.9,24.5,82,15.7,21.1,1011.4,86,2,1,1,27.0,1
2021-01-03,27.0,23.7,25.2,83,3.5,19.5,1009.9,54,3,1,1,26.7,1
2021-01-04,26.7,23.7,25.1,82,4.5,19.5,1010.3,47,4,1,1,26.0,1
2021-01-05,26.0,23.8,24.7,91,17.6,16.6,1010.7,91,5,1,1,26.9,1
2021-01-06,26.9,23.4,25.0,91,16.1,15.5,1009.8,85,6,1,1,27.2,1
2021-01-07,27.2,23.5,25.1,89,3.4,17.2,1008.6,78,7,1,1,27.9,1
2021-01-08,27.9,23.8,25.4,88,4.2,13.5,1008.1,54,8,1,1,28.0,1
2021-01-09,28.0,23.6,25.6,85,2.0,18.2,1008.9,75,9,1,1,28.0,1
2021-01-10,28.0,24.0,25.8,84,0.9,19.1,1009.1,83,10,1,1,28.1,1
2021-01-11,28.1,24.1,25.7,85,3.0,22.1,1010.0,98,11,1,1,28.1,1
2021-01-12,28.1,24.4,25.9,81,0.9,22.7,1010.3,91,12,1,1,27.9,1
2021-01-13,27.9,23.9,25.6,80,0.7,21.7,1010.4,61,13,1,1,27.2,1
2021-01-14,27.2,23.8,25.4,84,1.6,21.9,1010.0,45,14,1,1,28.1,0
2021-01-15,28.1,23.0,25.2,81,0.0,14.3,1009.9,69,15,1,1,27.7,0
2021-01-16,27.7,21.8,24.6,80,0.0,12.7,1009.3,30,16,1,1,27.3,0
2021-01-17,27.3,20.5,24.4,75,0.0,14.0,1010.5,31,17,1,1,27.8,0
2021-01-18,27.8,23.0,25.3,70,0.0,18.9,1011.3,36,18,1,1,28.0,0
2021-01-19,28.0,22.5,25.3,73,0.0,17.6,1010.7,39,19,1,1,27.9,0
2021-01-20,27.9,22.5,25.4,78,0.0,14.6,1011.0,67,20,1,1,28.3,1
2021-01-21,28.3,23.1,25.6,87,0.2,9.7,1010.4,32,21,1,1,28.5,1
2021-01-22,28.5,22.9,25.6,85,1.1,11.6,1010.5,32,22,1,1,28.2,1
2021-01-23,28.2,22.4,25.0,83,0.4,10.8,1011.0,25,23,1,1,28.1,1
2021-01-24,28.1,21.7,24.8,82,0.3,12.6,1011.6,87,24,1,1,28.1,1
2021-01-25,28.1,21.9,24.8,79,0.8,12.8,1012.1,59,25,1,1,27.9,0
2021-01-26,27.9,20.1,24.2,75,0.0,13.4,1011.6,53,26,1,1,27.6,0
2021-01-27,27.6,21.1,24.7,74,0.0,12.2,1011.9,71,27,1,1,28.2,1
2021-01-28,28.2,22.6,25.7,73,0.8,18.4,1012.0,36,28,1,1,28.5,1
2021-01-29,28.5,24.0,26.1,71,0.7,17.9,1012.3,40,29,1,1,28.4,0
2021-01-30,28.4,23.6,25.9,75,0.0,15.3,1011.7,22,30,1,1,28.6,0
2021-01-31,28.6,23.2,25.8,77,0.0,16.1,1012.1,23,31,1,1,28.6,0
2021-02-01,28.6,23.3,26.0,73,0.0,20.2,1013.9,22,32,2,1,28.2,1
2021-02-02,28.2,22.3,25.5,76,0.5,19.5,1014.1,14,33,2,1,27.9,0
2021-02-03,27.9,22.9,25.3,72,0.0,18.6,1013.8,33,34,2,1,28.2,0
2021-02-04,28.2,21.3,25.0,67,0.0,18.5,1013.6,32,35,2,1,27.9,0
2021-02-05,27.9,21.0,24.5,67,0.0,16.1,1012.7,19,36,2,1,28.0,0
2021-02-06,28.0,20.5,24.5,71,0.0,18.4,1011.5,19,37,2,1,28.7,0
2021-02-07,28.7,19.6,24.3,75,0.0,19.1,1012.0,29,38,2,1,28.3,0
2021-02-08,28.3,20.4,25.1,71,0.0,20.4,1012.9,39,39,2,1,28.4,0
2021-02-09,28.4,23.7,25.6,61,0.0,17.9,1012.3,46,40,2,1,28.0,0
2021-02-10,28.0,19.6,24.2,68,0.0,13.1,1011.3,16,41,2,1,28.2,0
2021-02-11,28.2,20.1,24.1,65,0.0,12.6,1010.9,50,42,2,1,28.2,0
2021-02-12,28.2,20.7,24.4,62,0.0,13.8,1011.5,71,43,2,1,28.6,0
2021-02-13,28.6,21.1,24.6,69,0.0,15.5,1012.3,20,44,2,1,28.4,0
2021-02-14,28.4,20.6,24.3,73,0.0,17.2,1012.3,16,45,2,1,28.6,0
2021-02-15,28.6,19.9,24.5,75,0.0,15.6,1011.1,37,46,2,1,28.9,0
2021-02-16,28.9,20.5,24.6,76,0.0,14.1,1010.8,13,47,2,1,28.4,0
2021-02-17,28.4,21.3,25.1,71,0.0,14.4,1010.7,26,48,2,1,28.7,0
2021-02-18,28.7,24.1,26.1,63,0.0,16.9,1011.8,17,49,2,1,28.0,1
2021-02-19,28.0,23.0,25.3,77,4.8,20.2,1012.2,53,50,2,1,27.1,1
2021-02-20,27.1,22.4,24.6,82,4.6,18.3,1011.8,79,51,2,1,26.5,1
2021-02-21,26.5,22.1,24.1,85,11.3,17.4,1012.6,65,52,2,1,28.5,1
2021-02-22,28.5,23.4,25.8,80,0.6,16.8,1012.5,43,53,2,1,28.9,0
2021-02-23,28.9,22.0,25.3,82,0.0,15.6,1011.4,43,54,2,1,29.0,0
2021-02-24,29.0,20.8,24.9,80,0.0,11.6,1010.6,19,55,2,1,28.9,0
2021-02-25,28.9,20.7,24.5,82,0.0,13.4,1010.3,25,56,2,1,30.3,0
2021-02-26,30.3,21.0,25.1,82,0.0,12.5,1008.6,31,57,2,1,30.5,0
2021-02-27,30.5,21.6,25.4,83,0.0,16.7,1007.8,22,58,2,1,29.5,0
2021-02-28,29.5,20.7,24.8,83,0.0,15.2,1008.7,21,59,2,1,30.4,0
2021-03-01,30.4,21.3,25.5,82,0.0,17.6,1011.4,23,60,3,2,30.5,0
2021-03-02,30.5,22.2,25.8,80,0.0,14.8,1011.7,20,61,3,2,29.4,0
2021-03-03,29.4,21.4,25.0,82,0.0,12.7,1010.8,18,62,3,2,28.7,0
2021-03-04,28.7,20.7,24.7,80,0.0,12.7,1011.3,18,63,3,2,29.8,0
2021-03-05,29.8,20.7,25.3,77,0.0,12.7,1012.0,18,64,3,2,29.7,0
2021-03-06,29.7,21.9,25.8,80,0.0,15.1,1011.6,10,65,3,2,30.4,0
2021-03-07,30.4,22.8,26.4,80,0.0,13.0,1010.7,18,66,3,2,29.7,0
2021-03-08,29.7,23.2,26.6,78,0.0,14.1,1011.4,19,67,3,2,30.4,1
2021-03-09,30.4,23.2,26.8,78,0.1,15.3,1011.9,14,68,3,2,30.4,1
2021-03-10,30.4,24.5,27.4,78,0.5,14.8,1011.6,20,69,3,2,30.4,0
2021-03-11,30.4,24.4,27.1,75,0.0,15.1,1011.7,16,70,3,2,29.6,0
2021-03-12,29.6,21.6,25.8,79,0.0,13.2,1012.9,43,71,3,2,30.2,0
2021-03-13,30.2,21.5,26.0,76,0.0,14.0,1012.2,9,72,3,2,31.4,0
2021-03-14,31.4,22.0,26.5,76,0.0,13.2,1010.6,40,73,3,2,31.6,0
2021-03-15,31.6,22.5,26.7,78,0.0,16.4,1009.8,16,74,3,2,30.9,0
2021-03-16,30.9,23.0,26.7,80,0.0,15.7,1009.7,18,75,3,2,30.5,0
2021-03-17,30.5,22.4,26.3,80,0.0,14.8,1008.9,51,76,3,2,30.6,0
2021-03-18,30.6,23.3,26.6,76,0.0,13.7,1009.2,77,77,3,2,30.4,0
2021-03-19,30.4,23.1,26.4,75,0.0,16.6,1009.0,71,78,3,2,30.7,0
2021-03-20,30.7,22.0,26.1,79,0.0,16.6,1007.8,32,79,3,2,31.2,0
2021-03-21,31.2,22.7,26.5,79,0.0,13.1,1007.5,46,80,3,2,30.8,0
2021-03-22,30.8,22.6,26.7,78,0.0,13.6,1009.0,23,81,3,2,30.7,0
2021-03-23,30.7,22.5,27.0,78,0.0,14.3,1010.0,17,82,3,2,31.3,0
2021-03-24,31.3,23.5,27.2,78,0.0,14.8,1009.6,54,83,3,2,31.6,0
2021-03-25,31.6,23.5,27.4,79,0.0,13.9,1008.6,63,84,3,2,32.0,0
2021-03-26,32.0,23.8,27.9,80,0.0,14.5,1008.0,60,85,3,2,32.4,0
2021-03-27,32.4,24.0,28.0,79,0.0,16.5,1007.6,44,86,3,2,32.0,0
2021-03-28,32.0,23.8,28.0,80,0.0,19.7,1007.0,62,87,3,2,32.9,0
2021-03-29,32.9,25.5,28.7,79,0.0,22.3,1006.6,38,88,3,2,35.5,0
2021-03-30,35.5,25.2,29.3,75,0.0,21.0,1004.8,36,89,3,2,35.5,0
2021-03-31,35.5,24.8,29.6,76,0.0,25.0,1002.8,39,90,3,2,36.0,0
2021-04-01,36.0,26.5,30.2,73,0.0,24.8,1002.5,7,91,4,2,37.7,0
2021-04-02,37.7,27.7,31.2,64,0.0,19.3,1002.9,22,92,4,2,36.0,0
2021-04-03,36.0,26.8,30.0,74,0.0,25.0,1004.0,31,93,4,2,33.2,0
2021-04-04,33.2,26.7,29.6,81,0.0,15.6,1006.0,19,94,4,2,32.7,0
2021-04-05,32.7,27.1,29.3,78,0.0,15.8,1007.5,18,95,4,2,32.4,1
2021-04-06,32.4,25.8,28.6,79,0.1,18.9,1008.7,24,96,4,2,32.0,0
2021-04-07,32.0,24.8,28.3,77,0.0,20.6,1009.3,48,97,4,2,32.3,0
2021-04-08,32.3,24.9,28.3,75,0.0,22.7,1007.7,54,98,4,2,32.2,0
2021-04-09,32.2,24.2,28.2,72,0.0,20.2,1007.5,55,99,4,2,31.7,1
2021-04-10,31.7,25.2,28.5,76,0.8,19.1,1008.9,18,100,4,2,31.5,1
2021-04-11,31.5,25.4,28.5,78,0.6,16.6,1010.1,28,101,4,2,32.0,1
2021-04-12,32.0,26.4,29.1,75,0.2,18.6,1010.3,69,102,4,2,31.9,0
2021-04-13,31.9,25.9,28.8,77,0.0,19.1,1009.8,59,103,4,2,31.7,1
2021-04-14,31.7,26.6,28.6,79,2.1,19.1,1009.1,77,104,4,2,30.5,1
2021-04-15,30.5,25.5,27.5,81,3.7,12.6,1008.8,98,105,4,2,32.4,1
2021-04-16,32.4,25.0,28.5,78,0.6,18.1,1007.9,55,106,4,2,32.6,0
2021-04-17,32.6,26.3,29.2,79,0.0,18.9,1008.4,44,107,4,2,33.3,0
2021-04-18,33.3,26.7,29.6,79,0.0,22.5,1009.2,29,108,4,2,33.8,0
2021-04-19,33.8,26.8,30.0,79,0.0,21.3,1007.0,42,109,4,2,33.5,0
2021-04-20,33.5,27.2,29.8,78,0.0,24.8,1006.3,65,110,4,2,33.5,0
2021-04-21,33.5,27.0,29.8,79,0.0,26.1,1007.6,69,111,4,2,32.8,1
2021-04-22,32.8,26.9,29.5,78,0.2,23.0,1008.1,46,112,4,2,33.4,1
2021-04-23,33.4,27.1,29.8,77,0.6,22.3,1007.8,83,113,4,2,33.1,1
2021-04-24,33.1,27.3,29.8,77,0.1,20.0,1007.3,66,114,4,2,33.0,1
2021-04-25,33.0,27.1,29.6,77,0.2,21.7,1007.2,12,115,4,2,32.6,1
2021-04-26,32.6,26.5,29.4,76,0.4,24.6,1007.0,19,116,4,2,32.6,1
2021-04-27,32.6,26.9,29.3,78,0.2,21.3,1007.6,13,117,4,2,33.7,0
2021-04-28,33.7,26.8,29.8,78,0.0,21.3,1007.8,13,118,4,2,33.7,0
2021-04-29,33.7,27.6,30.1,77,0.0,20.9,1007.2,35,119,4,2,32.5,1
2021-04-30,32.5,27.2,29.7,78,0.3,18.6,1006.9,39,120,4,2,32.6,1
2021-05-01,32.6,27.0,29.8,75,0.2,17.8,1007.2,20,121,5,2,32.5,1
2021-05-02,32.5,26.6,29.6,76,0.2,18.0,1007.3,40,122,5,2,32.4,1
2021-05-03,32.4,26.9,29.6,74,0.5,16.8,1006.8,55,123,5,2,32.6,1
2021-05-04,32.6,26.6,29.6,75,0.9,19.1,1006.6,62,124,5,2,32.8,1
2021-05-05,32.8,26.6,29.7,75,0.7,19.9,1006.5,34,125,5,2,33.2,1
2021-05-06,33.2,27.5,30.1,74,0.1,20.2,1007.5,40,126,5,2,32.1,1
2021-05-07,32.1,27.9,29.6,75,1.3,19.3,1008.3,60,127,5,2,31.9,1
2021-05-08,31.9,27.0,29.5,76,0.4,17.6,1007.5,42,128,5,2,32.5,1
2021-05-09,32.5,27.3,29.8,76,0.7,17.7,1006.0,35,129,5,2,33.3,0
2021-05-10,33.3,27.7,30.2,75,0.0,20.5,1005.5,50,130,5,2,34.9,0
2021-05-11,34.9,27.7,30.7,72,0.0,25.5,1004.9,66,131,5,2,33.5,1
2021-05-12,33.5,28.0,30.6,75,1.2,25.0,1003.8,61,132,5,2,33.9,1
2021-05-13,33.9,28.4,30.7,75,0.1,25.1,1003.4,92,133,5,2,33.2,1
2021-05-14,33.2,27.8,30.5,75,0.5,25.0,1002.8,97,134,5,2,34.1,0
2021-05-15,34.1,29.2,31.0,68,0.0,29.7,1001.8,98,135,5,2,34.3,1
2021-05-16,34.3,28.7,30.9,71,0.3,29.0,1003.2,57,136,5,2,34.0,1
2021-05-17,34.0,28.5,30.9,73,0.1,23.4,1004.5,14,137,5,2,33.1,0
2021-05-18,33.1,28.8,30.6,75,0.0,24.5,1004.9,19,138,5,2,34.2,1
2021-05-19,34.2,27.4,30.6,76,0.8,26.6,1004.3,29,139,5,2,34.2,1
2021-05-20,34.2,26.3,29.4,77,30.0,20.1,1004.8,36,140,5,2,36.0,1
2021-05-21,36.0,26.7,29.8,76,7.7,18.7,1004.8,99,141,5,2,33.4,1
2021-05-22,33.4,26.3,28.9,77,2.6,20.4,1004.1,100,142,5,2,35.7,0
2021-05-23,35.7,27.1,30.4,69,0.0,20.3,1003.4,100,143,5,2,37.7,0
2021-05-24,37.7,28.5,32.0,64,0.0,19.5,1002.7,100,144,5,2,38.4,1
2021-05-25,38.4,29.3,32.3,54,0.7,19.6,1001.2,100,145,5,2,39.7,0
2021-05-26,39.7,28.4,33.0,51,0.0,22.7,1000.3,77,146,5,2,38.5,0
2021-05-27,38.5,29.0,32.1,57,0.0,23.0,1001.4,31,147,5,2,36.8,0
2021-05-28,36.8,28.0,31.1,62,0.0,20.9,1003.2,37,148,5,2,36.3,0
2021-05-29,36.3,27.8,31.0,65,0.0,18.5,1004.1,14,149,5,2,37.6,1
2021-05-30,37.6,28.3,31.7,63,0.1,18.9,1003.7,22,150,5,2,37.5,1
2021-05-31,37.5,27.1,31.3,66,0.1,17.1,1002.6,51,151,5,2,36.0,0
2021-06-01,36.0,28.4,31.3,68,0.0,16.1,1003.2,43,152,6,3,34.3,1
2021-06-02,34.3,28.0,30.7,72,0.1,15.5,1004.0,10,153,6,3,33.9,1
2021-06-03,33.9,27.7,30.3,73,0.1,20.4,1005.5,32,154,6,3,31.8,1
2021-06-04,31.8,27.5,29.4,79,1.6,18.6,1006.6,63,155,6,3,32.0,1
2021-06-05,32.0,26.1,28.9,80,3.9,19.4,1006.1,58,156,6,3,32.8,1
2021-06-06,32.8,25.9,29.2,76,0.4,16.5,1005.7,65,157,6,3,35.8,1
2021-06-07,35.8,28.0,30.8,70,4.7,17.4,1005.1,45,158,6,3,34.4,1
2021-06-08,34.4,28.1,30.7,73,1.0,20.9,1004.4,35,159,6,3,37.6,1
2021-06-09,37.6,27.8,31.6,60,0.2,20.3,1003.1,56,160,6,3,37.0,1
2021-06-10,37.0,28.7,31.5,56,0.9,22.7,1002.1,90,161,6,3,37.2,0
2021-06-11,37.2,28.7,31.4,58,0.0,23.0,1002.2,100,162,6,3,38.4,1
2021-06-12,38.4,29.2,32.0,52,0.9,20.5,1002.0,84,163,6,3,37.1,1
2021-06-13,37.1,28.5,32.6,48,0.1,30.5,1001.5,99,164,6,3,35.8,0
2021-06-14,35.8,29.7,31.9,50,0.0,29.7,1001.7,100,165,6,3,36.5,1
2021-06-15,36.5,27.8,30.6,62,0.1,22.9,1001.4,96,166,6,3,38.6,1
2021-06-16,38.6,28.6,32.8,48,0.1,27.1,1002.5,91,167,6,3,37.6,1
2021-06-17,37.6,29.2,31.9,56,0.6,24.8,1003.4,97,168,6,3,37.0,0
2021-06-18,37.0,28.9,31.7,56,0.0,21.8,1004.7,98,169,6,3,37.5,0
2021-06-19,37.5,29.0,31.7,53,0.0,24.3,1006.2,95,170,6,3,37.6,1
2021-06-20,37.6,28.3,31.4,57,0.6,21.9,1006.3,68,171,6,3,36.6,1
2021-06-21,36.6,28.0,31.1,61,0.3,21.3,1005.3,58,172,6,3,35.0,1
2021-06-22,35.0,26.7,30.1,66,2.8,20.2,1004.7,98,173,6,3,35.7,1
2021-06-23,35.7,27.2,30.5,67,4.0,23.9,1004.6,89,174,6,3,31.7,1
2021-06-24,31.7,26.5,28.9,72,1.1,16.3,1005.1,89,175,6,3,33.6,0
2021-06-25,33.6,27.4,29.7,70,0.0,16.9,1003.8,86,176,6,3,33.9,1
2021-06-26,33.9,27.1,30.0,66,0.8,17.4,1003.3,82,177,6,3,31.7,1
2021-06-27,31.7,26.9,28.8,73,2.6,15.0,1004.8,90,178,6,3,32.5,1
2021-06-28,32.5,25.7,28.5,78,5.4,17.8,1005.1,40,179,6,3,32.0,1
2021-06-29,32.0,27.8,29.4,79,0.8,23.2,1005.1,65,180,6,3,33.4,1
2021-06-30,33.4,27.3,29.7,79,1.4,18.9,1004.3,71,181,6,3,33.1,1
2021-07-01,33.1,26.5,29.3,81,3.6,24.3,1003.4,46,182,7,3,32.8,1
2021-07-02,32.8,25.9,28.5,81,18.3,15.9,1004.4,45,183,7,3,32.5,1
2021-07-03,32.5,25.6,28.7,81,1.7,14.7,1004.9,67,184,7,3,32.9,1
2021-07-04,32.9,26.5,29.2,80,10.7,19.1,1004.6,57,185,7,3,33.9,1
2021-07-05,33.9,25.6,29.2,78,2.6,15.5,1003.6,78,186,7,3,32.9,1
2021-07-06,32.9,26.2,29.3,79,8.2,17.2,1003.1,53,187,7,3,32.7,1
2021-07-07,32.7,26.4,29.6,78,7.6,19.2,1003.0,76,188,7,3,33.4,1
2021-07-08,33.4,27.4,29.6,77,3.9,13.6,1003.3,75,189,7,3,33.8,1
2021-07-09,33.8,25.1,29.1,78,4.9,16.4,1001.7,73,190,7,3,32.1,1
2021-07-10,32.1,26.3,28.9,75,6.3,16.3,1000.7,98,191,7,3,33.9,1
2021-07-11,33.9,27.1,29.2,66,1.4,20.3,1000.6,100,192,7,3,32.1,1
2021-07-12,32.1,26.2,29.1,68,0.4,19.7,1001.0,100,193,7,3,33.3,1
2021-07-13,33.3,26.7,29.5,66,4.1,16.2,1001.8,100,194,7,3,32.4,1
2021-07-14,32.4,26.0,28.7,71,5.3,18.4,1002.7,98,195,7,3,32.9,1
2021-07-15,32.9,25.1,28.5,74,5.2,18.8,1002.7,80,196,7,3,32.2,1
2021-07-16,32.2,26.2,28.4,80,20.1,15.5,1004.7,87,197,7,3,31.8,1
2021-07-17,31.8,25.6,27.9,84,26.8,14.2,1004.5,95,198,7,3,31.2,1
2021-07-18,31.2,25.0,27.9,81,13.1,19.2,1003.4,91,199,7,3,33.5,1
2021-07-19,33.5,26.1,29.3,69,0.9,21.3,1003.0,58,200,7,3,34.2,0
2021-07-20,34.2,26.4,30.0,62,0.0,23.0,1004.3,95,201,7,3,32.0,1
2021-07-21,32.0,26.6,29.4,63,0.6,19.3,1004.0,100,202,7,3,32.4,1
2021-07-22,32.4,26.1,28.6,68,1.7,29.7,1001.2,100,203,7,3,33.4,1
2021-07-23,33.4,26.0,28.9,69,3.9,20.2,1000.9,89,204,7,3,35.1,0
2021-07-24,35.1,25.9,30.0,67,0.0,21.7,1002.2,62,205,7,3,34.8,1
2021-07-25,34.8,27.7,30.4,67,0.4,20.7,1003.3,62,206,7,3,35.0,1
2021-07-26,35.0,27.3,30.1,68,1.3,16.5,1003.9,60,207,7,3,35.7,1
2021-07-27,35.7,27.9,30.4,65,0.2,18.8,1003.1,94,208,7,3,35.8,0
2021-07-28,35.8,27.6,30.6,61,0.0,18.9,1003.7,95,209,7,3,35.9,1
2021-07-29,35.9,28.3,30.8,58,0.1,19.8,1004.3,99,210,7,3,36.3,0
2021-07-30,36.3,27.7,31.4,52,0.0,20.5,1005.2,93,211,7,3,36.2,1
2021-07-31,36.2,28.2,30.8,59,0.6,21.9,1005.7,80,212,7,3,35.9,1
2021-08-01,35.9,26.2,30.4,64,0.5,21.5,1004.8,66,213,8,3,35.4,1
2021-08-02,35.4,27.8,30.4,60,1.1,18.5,1004.8,72,214,8,3,35.3,1
2021-08-03,35.3,28.0,30.4,63,0.6,19.5,1006.1,66,215,8,3,37.3,1
2021-08-04,37.3,28.1,31.2,60,0.9,18.4,1006.0,55,216,8,3,36.2,1
2021-08-05,36.2,28.5,30.7,61,1.5,21.2,1004.5,96,217,8,3,36.0,1
2021-08-06,36.0,27.6,30.3,65,1.7,19.6,1003.6,72,218,8,3,34.4,1
2021-08-07,34.4,27.5,30.1,69,2.0,15.8,1004.5,47,219,8,3,33.4,1
2021-08-08,33.4,26.5,29.6,76,3.7,17.7,1005.3,41,220,8,3,34.0,1
2021-08-09,34.0,27.4,30.1,75,3.6,14.8,1005.5,53,221,8,3,34.3,1
2021-08-10,34.3,26.2,29.7,76,6.5,20.7,1005.1,69,222,8,3,34.2,1
2021-08-11,34.2,26.7,30.2,71,4.0,15.2,1004.9,92,223,8,3,32.8,1
2021-08-12,32.8,26.4,29.3,75,5.6,13.8,1005.8,99,224,8,3,32.3,1
2021-08-13,32.3,26.1,28.3,81,10.2,10.9,1004.7,92,225,8,3,33.6,1
2021-08-14,33.6,26.6,29.3,71,1.5,15.1,1003.0,89,226,8,3,32.9,1
2021-08-15,32.9,26.0,29.0,67,1.4,15.0,1003.8,99,227,8,3,33.0,1
2021-08-16,33.0,25.8,28.6,73,0.9,13.1,1004.9,97,228,8,3,32.8,1
2021-08-17,32.8,26.1,29.0,75,0.8,15.5,1005.5,85,229,8,3,33.5,1
2021-08-18,33.5,26.8,29.4,74,2.3,23.1,1003.8,90,230,8,3,33.4,1
2021-08-19,33.4,27.5,29.7,69,5.2,15.2,1003.4,91,231,8,3,31.9,1
2021-08-20,31.9,25.2,28.4,80,4.7,18.1,1004.6,88,232,8,3,30.2,1
2021-08-21,30.2,25.6,27.8,81,3.4,17.8,1006.7,77,233,8,3,30.6,1
2021-08-22,30.6,24.8,27.8,80,0.2,20.4,1006.6,24,234,8,3,30.8,0
2021-08-23,30.8,25.6,28.0,80,0.0,22.6,1006.3,61,235,8,3,32.1,1
2021-08-24,32.1,26.2,28.7,79,0.6,19.6,1005.5,38,236,8,3,33.5,1
2021-08-25,33.5,26.4,29.0,75,6.6,17.3,1004.4,67,237,8,3,32.3,1
2021-08-26,32.3,25.5,28.6,80,10.7,12.1,1003.2,59,238,8,3,32.7,1
2021-08-27,32.7,25.7,28.2,85,11.8,13.7,1002.6,92,239,8,3,29.7,1
2021-08-28,29.7,25.2,27.1,88,27.4,14.8,1001.7,96,240,8,3,29.5,1
2021-08-29,29.5,25.1,26.8,87,35.1,16.0,1001.1,100,241,8,3,32.4,1
2021-08-30,32.4,25.5,28.3,77,0.6,14.0,1002.1,98,242,8,3,31.5,1
2021-08-31,31.5,25.5,28.5,78,1.8,11.5,1003.8,97,243,8,3,30.4,1
2021-09-01,30.4,26.6,28.2,84,0.4,10.7,1005.2,83,244,9,3,30.7,1
2021-09-02,30.7,25.5,27.6,85,26.7,13.3,1004.8,91,245,9,3,30.4,1
2021-09-03,30.4,24.6,27.4,85,19.8,18.8,1003.7,97,246,9,3,29.2,1
2021-09-04,29.2,25.0,26.6,88,12.5,13.8,1003.9,100,247,9,3,31.1,1
2021-09-05,31.1,25.1,27.6,83,10.4,14.8,1003.3,98,248,9,3,30.1,1
2021-09-06,30.1,25.6,27.7,77,1.9,18.3,1003.0,99,249,9,3,32.5,0
2021-09-07,32.5,26.9,29.0,70,0.0,19.5,1003.4,94,250,9,3,32.9,1
2021-09-08,32.9,25.9,28.8,77,0.2,18.2,1005.1,89,251,9,3,33.9,1
2021-09-09,33.9,26.8,29.5,72,0.3,16.2,1005.7,76,252,9,3,33.2,1
2021-09-10,33.2,26.9,29.2,75,0.1,14.3,1005.0,99,253,9,3,33.0,1
2021-09-11,33.0,26.8,29.2,75,1.5,14.7,1003.9,100,254,9,3,33.6,1
2021-09-12,33.6,26.8,29.3,72,0.8,18.9,1002.6,100,255,9,3,35.1,0
2021-09-13,35.1,27.5,29.9,68,0.0,23.9,1001.8,100,256,9,3,34.4,0
2021-09-14,34.4,27.8,29.9,70,0.0,22.1,1002.9,88,257,9,3,33.7,1
2021-09-15,33.7,27.1,29.5,76,0.7,17.7,1004.1,68,258,9,3,32.0,1
2021-09-16,32.0,27.1,29.2,79,1.3,17.7,1004.2,79,259,9,3,32.3,1
2021-09-17,32.3,26.9,29.1,82,3.3,14.8,1004.2,73,260,9,3,32.3,1
2021-09-18,32.3,26.4,28.9,82,2.5,15.5,1005.7,59,261,9,3,31.3,1
2021-09-19,31.3,26.4,28.9,84,1.4,14.1,1007.1,91,262,9,3,32.3,1
2021-09-20,32.3,25.6,28.6,81,3.7,16.5,1006.3,55,263,9,3,33.5,1
2021-09-21,33.5,25.7,28.9,80,7.5,15.3,1004.9,41,264,9,3,32.3,1
2021-09-22,32.3,25.6,28.5,79,2.9,13.6,1003.7,85,265,9,3,32.4,1
2021-09-23,32.4,25.5,28.4,81,5.4,15.9,1003.9,76,266,9,3,31.3,1
2021-09-24,31.3,26.0,28.4,81,4.9,13.4,1004.9,55,267,9,3,32.9,1
2021-09-25,32.9,25.8,28.9,81,9.4,13.2,1004.1,46,268,9,3,31.0,1
2021-09-26,31.0,25.2,28.2,81,4.6,19.5,1002.1,99,269,9,3,33.7,1
2021-09-27,33.7,26.6,29.0,74,1.4,21.3,1000.4,100,270,9,3,32.7,1
2021-09-28,32.7,26.7,29.0,71,1.0,19.3,1003.2,87,271,9,3,31.8,0
2021-09-29,31.8,26.3,28.6,77,0.0,12.0,1005.3,74,272,9,3,30.3,1
2021-09-30,30.3,25.5,28.0,85,11.4,10.2,1006.5,48,273,9,3,30.5,1
2021-10-01,30.5,25.3,28.0,85,10.1,17.1,1006.1,34,274,10,4,29.5,1
2021-10-02,29.5,25.7,27.6,85,11.0,15.1,1006.3,52,275,10,4,30.1,1
2021-10-03,30.1,25.7,27.7,86,3.6,15.3,1005.8,44,276,10,4,30.2,1
2021-10-04,30.2,25.9,27.8,87,0.9,14.1,1005.2,71,277,10,4,27.4,1
2021-10-05,27.4,25.4,26.4,91,30.7,20.4,1004.7,92,278,10,4,31.1,1
2021-10-06,31.1,25.3,27.8,83,6.8,19.7,1003.5,64,279,10,4,30.6,1
2021-10-07,30.6,26.2,28.3,83,2.8,15.0,1004.4,79,280,10,4,31.2,1
2021-10-08,31.2,25.6,28.2,84,9.2,13.6,1004.7,90,281,10,4,31.6,1
2021-10-09,31.6,25.7,28.1,82,13.5,16.9,1005.4,94,282,10,4,31.1,1
2021-10-10,31.1,26.4,28.3,81,3.2,10.8,1005.1,87,283,10,4,30.8,1
2021-10-11,30.8,25.4,27.6,86,14.7,14.5,1004.0,93,284,10,4,32.5,1
2021-10-12,32.5,24.9,27.6,85,13.1,13.4,1003.9,94,285,10,4,31.6,0
2021-10-13,31.6,24.6,27.7,82,0.0,13.9,1003.5,79,286,10,4,32.6,1
2021-10-14,32.6,25.3,28.3,81,4.7,13.3,1002.9,92,287,10,4,32.6,1
2021-10-15,32.6,25.3,28.2,82,5.8,11.0,1000.7,76,288,10,4,31.5,1
2021-10-16,31.5,25.6,28.4,83,2.5,18.0,1000.5,70,289,10,4,31.4,1
2021-10-17,31.4,25.5,28.4,84,2.1,14.7,1001.7,95,290,10,4,32.0,1
2021-10-18,32.0,26.7,29.1,78,1.8,14.1,1004.3,96,291,10,4,32.7,1
2021-10-19,32.7,26.2,29.0,81,2.4,12.5,1007.1,99,292,10,4,31.9,1
2021-10-20,31.9,26.4,28.4,86,9.1,10.2,1009.3,72,293,10,4,30.5,1
2021-10-21,30.5,25.6,28.2,84,2.5,11.5,1009.8,62,294,10,4,31.0,1
2021-10-22,31.0,24.2,27.7,82,10.0,16.4,1010.3,79,295,10,4,30.6,1
2021-10-23,30.6,23.8,27.4,84,6.1,11.2,1010.7,79,296,10,4,29.6,1
2021-10-24,29.6,24.3,26.6,84,4.6,14.3,1010.7,97,297,10,4,30.2,1
2021-10-25,30.2,23.7,27.2,80,2.1,20.0,1009.2,71,298,10,4,29.9,1
2021-10-26,29.9,25.1,27.5,76,0.6,17.4,1008.3,64,299,10,4,30.4,1
2021-10-27,30.4,24.9,27.7,74,0.7,21.2,1008.5,65,300,10,4,28.6,1
2021-10-28,28.6,25.1,26.3,85,16.6,21.7,1008.6,100,301,10,4,28.0,1
2021-10-29,28.0,24.4,25.9,89,16.1,15.7,1009.5,100,302,10,4,29.4,1
2021-10-30,29.4,24.0,26.4,87,5.6,17.6,1010.5,87,303,10,4,29.9,1
2021-10-31,29.9,24.0,26.7,86,20.6,21.0,1010.0,97,304,10,4,27.3,1
2021-11-01,27.3,25.1,25.7,89,23.6,13.0,1009.4,100,305,11,4,27.6,1
2021-11-02,27.6,24.7,26.2,86,9.4,17.4,1009.3,100,306,11,4,27.3,1
2021-11-03,27.3,24.0,25.3,90,14.2,11.2,1009.2,100,307,11,4,26.8,1
2021-11-04,26.8,23.6,24.7,93,28.4,12.6,1008.8,100,308,11,4,27.8,1
2021-11-05,27.8,23.5,25.0,90,26.0,12.9,1008.3,100,309,11,4,28.0,1
2021-11-06,28.0,23.4,25.4,89,17.9,15.5,1006.8,97,310,11,4,25.7,1
2021-11-07,25.7,23.3,24.5,93,58.3,21.9,1006.9,99,311,11,4,28.4,1
2021-11-08,28.4,24.2,25.8,83,12.8,22.4,1008.2,100,312,11,4,27.4,1
2021-11-09,27.4,24.0,25.2,87,12.6,25.3,1008.2,100,313,11,4,25.0,1
2021-11-10,25.0,22.8,23.8,93,76.4,27.9,1006.9,100,314,11,4,27.3,1
2021-11-11,27.3,21.9,24.1,89,186.3,38.6,1000.2,100,315,11,4,28.6,1
2021-11-12,28.6,24.3,26.3,80,1.6,14.5,1004.6,88,316,11,4,29.4,1
2021-11-13,29.4,24.6,26.6,83,0.8,13.1,1006.0,96,317,11,4,29.3,1
2021-11-14,29.3,24.5,26.3,88,11.6,11.5,1006.3,89,318,11,4,27.7,1
2021-11-15,27.7,23.9,25.6,90,7.0,10.1,1005.3,95,319,11,4,29.0,1
2021-11-16,29.0,23.5,26.4,86,10.4,15.2,1005.8,94,320,11,4,28.5,1
2021-11-17,28.5,24.1,25.8,89,13.9,19.1,1007.1,93,321,11,4,26.6,1
2021-11-18,26.6,23.4,25.4,91,62.2,30.5,1003.4,100,322,11,4,28.5,1
2021-11-19,28.5,25.1,26.6,83,8.0,28.9,1001.8,84,323,11,4,28.3,1
2021-11-20,28.3,24.7,26.2,87,12.6,17.5,1004.6,92,324,11,4,29.2,1
2021-11-21,29.2,23.5,26.3,87,5.8,13.1,1007.4,67,325,11,4,28.4,1
2021-11-22,28.4,24.2,26.3,86,11.8,15.3,1009.1,79,326,11,4,29.7,1
2021-11-23,29.7,23.9,26.9,84,1.3,18.6,1008.4,45,327,11,4,29.7,1
2021-11-24,29.7,24.5,27.1,82,0.6,18.3,1008.7,85,328,11,4,28.6,1
2021-11-25,28.6,23.8,25.5,88,34.3,22.3,1008.9,100,329,11,4,26.6,1
2021-11-26,26.6,24.5,25.3,89,40.3,23.0,1009.1,100,330,11,4,26.4,1
2021-11-27,26.4,23.9,24.8,91,29.7,17.6,1009.3,100,331,11,4,26.5,1
2021-11-28,26.5,23.8,24.7,91,30.2,18.8,1010.0,100,332,11,4,27.5,1
2021-11-29,27.5,23.8,24.9,90,27.5,14.8,1010.9,100,333,11,4,27.0,1
2021-11-30,27.0,24.0,25.0,89,6.6,17.6,1010.9,86,334,11,4,28.8,1
2021-12-01,28.8,22.8,26.1,82,3.9,19.8,1010.1,41,335,12,4,28.9,1
2021-12-02,28.9,24.4,26.6,70,0.3,18.2,1009.9,79,336,12,4,29.5,0
2021-12-03,29.5,22.5,25.7,79,0.0,16.1,1009.7,92,337,12,4,30.1,0
2021-12-04,30.1,21.6,25.6,80,0.0,9.4,1009.7,35,338,12,4,30.5,1
2021-12-05,30.5,23.0,26.2,85,0.7,12.2,1009.5,11,339,12,4,29.5,1
2021-12-06,29.5,23.8,26.5,87,0.6,10.6,1009.7,34,340,12,4,29.5,1
2021-12-07,29.5,23.5,26.2,85,0.2,15.5,1010.4,68,341,12,4,29.3,1
2021-12-08,29.3,24.3,26.7,82,1.2,16.9,1010.6,27,342,12,4,28.8,1
2021-12-09,28.8,25.1,26.4,81,1.4,14.1,1012.1,30,343,12,4,29.2,1
2021-12-10,29.2,24.8,26.3,80,3.1,22.1,1012.8,54,344,12,4,28.6,1
2021-12-11,28.6,23.6,25.9,82,7.2,21.2,1012.4,48,345,12,4,28.0,1
2021-12-12,28.0,22.7,25.5,84,10.1,23.2,1012.6,56,346,12,4,27.6,1
2021-12-13,27.6,22.4,25.4,83,4.5,21.0,1011.6,87,347,12,4,28.2,1
2021-12-14,28.2,23.7,26.2,77,6.1,24.5,1011.1,84,348,12,4,28.3,0
2021-12-15,28.3,25.0,26.3,72,0.0,24.2,1011.7,84,349,12,4,28.3,0
2021-12-16,28.3,24.4,25.9,69,0.0,23.5,1012.6,20,350,12,4,28.1,0
2021-12-17,28.1,22.5,25.5,70,0.0,21.9,1013.0,56,351,12,4,27.8,0
2021-12-18,27.8,21.7,25.2,71,0.0,21.4,1012.6,39,352,12,4,27.9,0
2021-12-19,27.9,21.4,24.9,63,0.0,21.1,1013.5,34,353,12,4,27.9,0
2021-12-20,27.9,23.0,25.2,64,0.0,22.1,1013.5,40,354,12,4,28.3,0
2021-12-21,28.3,20.9,24.3,73,0.0,13.8,1013.5,6,355,12,4,27.8,0
2021-12-22,27.8,19.8,23.4,72,0.0,14.3,1012.3,6,356,12,4,27.6,0
2021-12-23,27.6,18.3,23.0,70,0.0,11.8,1011.9,2,357,12,4,27.6,0
2021-12-24,27.6,18.4,23.5,75,0.0,9.8,1011.9,1,358,12,4,27.5,0
2021-12-25,27.5,19.4,23.6,79,0.0,11.9,1012.5,10,359,12,4,27.9,0
2021-12-26,27.9,20.0,24.0,77,0.0,11.4,1013.6,14,360,12,4,29.1,0
2021-12-27,29.1,20.9,25.1,74,0.0,13.0,1014.0,27,361,12,4,27.1,1
2021-12-28,27.1,22.0,24.9,80,1.0,17.7,1013.0,27,362,12,4,28.3,1
2021-12-29,28.3,21.9,25.2,79,0.8,16.6,1012.2,19,363,12,4,26.7,1
2021-12-30,26.7,22.3,24.3,84,11.7,19.3,1013.6,63,364,12,4,26.2,1
2021-12-31,26.2,22.5,23.9,88,17.3,22.0,1014.6,81,365,12,4,27.0,1
2022-01-01,27.0,22.8,25.2,81,8.6,25.3,1014.6,66,1,1,1,27.9,1
2022-01-02,27.9,23.9,25.8,76,0.9,20.9,1013.6,54,2,1,1,27.7,0
2022-01-03,27.7,23.8,25.5,74,0.0,19.7,1013.1,15,3,1,1,27.3,0
2022-01-04,27.3,22.5,24.8,73,0.0,21.0,1013.6,22,4,1,1,28.0,1
2022-01-05,28.0,21.6,24.7,73,0.1,14.5,1013.1,31,5,1,1,28.2,1
2022-01-06,28.2,21.5,25.0,77,0.1,15.6,1012.2,31,6,1,1,27.3,1
2022-01-07,27.3,22.2,25.1,78,2.5,16.6,1012.4,37,7,1,1,27.8,1
2022-01-08,27.8,22.5,25.4,76,0.4,17.4,1012.8,23,8,1,1,28.1,0
2022-01-09,28.1,22.3,25.3,77,0.0,12.7,1011.5,16,9,1,1,28.5,0
2022-01-10,28.5,21.9,25.6,76,0.0,12.5,1011.3,43,10,1,1,28.7,1
2022-01-11,28.7,23.2,25.9,78,0.2,15.6,1011.1,39,11,1,1,28.9,1
2022-01-12,28.9,22.7,25.7,80,2.3,13.0,1010.6,58,12,1,1,28.5,1
2022-01-13,28.5,23.0,25.6,83,1.3,13.0,1010.1,52,13,1,1,27.2,1
2022-01-14,27.2,22.8,25.2,85,1.9,9.7,1010.0,30,14,1,1,27.5,1
2022-01-15,27.5,23.0,25.1,85,3.6,17.7,1010.9,75,15,1,1,28.0,1
2022-01-16,28.0,22.2,25.3,79,1.4,21.2,1012.5,71,16,1,1,27.7,1
2022-01-17,27.7,22.7,25.1,75,3.2,18.9,1014.2,97,17,1,1,27.1,1
2022-01-18,27.1,23.1,25.2,71,0.9,18.0,1013.4,37,18,1,1,28.4,0
2022-01-19,28.4,20.9,24.5,72,0.0,13.8,1011.7,35,19,1,1,28.7,0
2022-01-20,28.7,20.1,24.4,71,0.0,15.4,1010.0,13,20,1,1,28.9,0
2022-01-21,28.9,20.5,24.7,79,0.0,18.6,1009.5,43,21,1,1,28.9,0
2022-01-22,28.9,21.9,25.4,84,0.0,18.2,1007.8,50,22,1,1,30.6,1
2022-01-23,30.6,24.0,26.4,82,0.5,22.2,1007.8,19,23,1,1,29.7,1
2022-01-24,29.7,24.6,26.4,81,2.1,19.4,1007.7,34,24,1,1,28.7,1
2022-01-25,28.7,22.5,25.7,81,1.2,17.6,1008.2,43,25,1,1,28.1,1
2022-01-26,28.1,22.3,25.3,78,0.1,13.3,1009.2,52,26,1,1,28.0,1
2022-01-27,28.0,23.5,25.5,75,0.8,17.3,1009.9,49,27,1,1,28.2,1
2022-01-28,28.2,22.5,25.4,73,0.8,22.0,1011.3,39,28,1,1,27.6,1
2022-01-29,27.6,24.7,25.8,72,0.5,23.5,1012.2,67,29,1,1,28.6,1
2022-01-30,28.6,24.2,26.1,74,0.2,16.2,1011.2,38,30,1,1,28.9,0
2022-01-31,28.9,21.8,25.4,78,0.0,15.9,1010.4,21,31,1,1,28.1,0
2022-02-01,28.1,21.1,24.7,77,0.0,13.1,1009.9,42,32,2,1,27.9,0
2022-02-02,27.9,19.5,23.9,78,0.0,13.0,1010.7,45,33,2,1,28.2,0
2022-02-03,28.2,20.3,24.4,74,0.0,16.1,1010.1,28,34,2,1,30.5,0
2022-02-04,30.5,22.0,25.9,76,0.0,17.3,1008.2,33,35,2,1,29.1,1
2022-02-05,29.1,22.9,26.1,79,0.5,13.6,1009.3,62,36,2,1,28.4,1
2022-02-06,28.4,24.2,26.1,74,0.9,16.2,1012.1,53,37,2,1,28.8,0
2022-02-07,28.8,22.0,25.7,69,0.0,16.1,1012.6,51,38,2,1,28.5,0
2022-02-08,28.5,21.4,25.3,72,0.0,15.5,1011.4,72,39,2,1,28.6,0
2022-02-09,28.6,23.5,25.7,69,0.0,17.7,1011.5,74,40,2,1,29.5,0
2022-02-10,29.5,22.7,25.8,68,0.0,19.1,1010.8,29,41,2,1,29.5,0
2022-02-11,29.5,22.9,26.0,72,0.0,21.9,1010.6,51,42,2,1,29.2,0
2022-02-12,29.2,23.0,26.2,73,0.0,19.5,1010.3,24,43,2,1,29.2,1
2022-02-13,29.2,23.4,26.1,72,0.1,16.6,1009.4,25,44,2,1,28.1,1
2022-02-14,28.1,23.2,25.7,72,2.0,20.3,1009.5,56,45,2,1,28.7,0
2022-02-15,28.7,22.8,25.8,66,0.0,15.5,1009.6,32,46,2,1,28.7,0
2022-02-16,28.7,21.3,25.2,72,0.0,16.0,1007.7,53,47,2,1,28.9,1
2022-02-17,28.9,21.7,25.6,71,0.1,14.6,1006.8,55,48,2,1,29.5,0
2022-02-18,29.5,24.4,26.6,66,0.0,17.8,1008.4,23,49,2,1,29.3,0
2022-02-19,29.3,22.7,26.2,72,0.0,17.3,1010.5,49,50,2,1,29.7,0
2022-02-20,29.7,21.6,25.7,77,0.0,16.1,1009.3,15,51,2,1,31.6,0
2022-02-21,31.6,22.0,26.4,80,0.0,22.6,1007.8,30,52,2,1,30.2,0
2022-02-22,30.2,23.1,26.7,81,0.0,13.6,1010.1,28,53,2,1,30.0,0
2022-02-23,30.0,24.9,27.0,73,0.0,16.5,1012.8,61,54,2,1,29.9,1
2022-02-24,29.9,23.0,26.2,71,0.1,14.8,1013.8,13,55,2,1,29.5,0
2022-02-25,29.5,21.3,25.5,71,0.0,16.0,1012.9,36,56,2,1,30.0,1
2022-02-26,30.0,22.1,26.2,72,0.1,19.0,1012.8,36,57,2,1,29.9,0
2022-02-27,29.9,23.3,26.6,72,0.0,15.8,1012.8,18,58,2,1,30.3,0
2022-02-28,30.3,22.5,26.4,75,0.0,16.5,1012.1,5,59,2,1,32.3,0
2022-03-01,32.3,22.2,26.4,72,0.0,15.9,1012.0,55,60,3,2,30.7,0
2022-03-02,30.7,20.3,25.9,75,0.0,16.8,1011.3,89,61,3,2,30.4,1
2022-03-03,30.4,22.3,26.5,77,0.1,21.5,1010.8,93,62,3,2,30.5,1
2022-03-04,30.5,24.1,27.1,69,0.3,29.4,1010.2,98,63,3,2,30.8,0
2022-03-05,30.8,24.9,27.7,60,0.0,26.0,1009.5,88,64,3,2,28.9,1
2022-03-06,28.9,25.3,26.9,61,0.2,27.1,1009.7,88,65,3,2,30.1,0
2022-03-07,30.1,25.2,27.6,68,0.0,21.1,1010.0,68,66,3,2,30.9,0
2022-03-08,30.9,22.2,26.4,76,0.0,15.2,1009.9,14,67,3,2,31.2,0
2022-03-09,31.2,21.7,26.4,74,0.0,14.8,1009.3,23,68,3,2,30.7,0
2022-03-10,30.7,21.9,26.0,78,0.0,13.4,1009.1,54,69,3,2,30.6,0
2022-03-11,30.6,22.0,26.0,79,0.0,15.5,1008.8,40,70,3,2,31.5,0
2022-03-12,31.5,22.3,26.2,77,0.0,15.0,1008.2,41,71,3,2,31.9,0
2022-03-13,31.9,21.9,26.7,74,0.0,15.9,1008.5,68,72,3,2,32.6,0
2022-03-14,32.6,22.2,26.9,75,0.0,15.5,1008.7,59,73,3,2,32.9,0
2022-03-15,32.9,22.7,27.0,74,0.0,17.1,1007.3,62,74,3,2,32.6,0
2022-03-16,32.6,22.8,27.0,77,0.0,18.1,1005.9,89,75,3,2,32.6,0
2022-03-17,32.6,22.7,27.3,77,0.0,19.6,1005.3,98,76,3,2,32.2,0
2022-03-18,32.2,23.7,27.6,80,0.0,23.3,1005.2,43,77,3,2,33.0,0
2022-03-19,33.0,25.5,28.3,79,0.0,21.1,1005.1,28,78,3,2,33.7,1
2022-03-20,33.7,26.1,28.7,81,4.8,15.2,1004.6,53,79,3,2,33.3,0
2022-03-21,33.3,26.3,29.4,79,0.0,17.1,1004.7,35,80,3,2,33.2,0
2022-03-22,33.2,27.2,29.6,79,0.0,14.7,1005.2,78,81,3,2,32.6,1
2022-03-23,32.6,27.0,29.2,82,0.2,22.1,1005.4,71,82,3,2,32.0,1
2022-03-24,32.0,26.5,28.8,81,0.8,23.2,1006.2,49,83,3,2,31.7,1
2022-03-25,31.7,26.2,28.7,78,0.5,21.1,1007.3,21,84,3,2,32.0,1
2022-03-26,32.0,26.2,28.8,79,0.6,21.8,1009.0,32,85,3,2,32.4,1
2022-03-27,32.4,26.1,28.9,78,0.1,25.3,1009.1,17,86,3,2,33.3,0
2022-03-28,33.3,25.9,29.0,79,0.0,26.9,1008.4,18,87,3,2,33.9,0
2022-03-29,33.9,26.4,29.2,78,0.0,28.0,1007.1,11,88,3,2,34.2,1
2022-03-30,34.2,27.1,29.6,79,0.1,26.9,1006.5,14,89,3,2,34.3,0
2022-03-31,34.3,26.8,29.7,76,0.0,26.0,1006.7,3,90,3,2,32.3,1
2022-04-01,32.3,26.8,29.1,80,0.7,27.3,1007.5,24,91,4,2,32.6,1
2022-04-02,32.6,26.7,28.9,79,0.6,25.3,1008.6,12,92,4,2,32.3,0
2022-04-03,32.3,25.7,28.7,79,0.0,22.3,1008.2,24,93,4,2,31.8,1
2022-04-04,31.8,26.4,28.8,77,0.1,19.5,1009.1,33,94,4,2,31.9,1
2022-04-05,31.9,25.7,28.6,77,0.2,20.2,1010.7,27,95,4,2,31.9,0
2022-04-06,31.9,25.4,28.5,78,0.0,19.1,1010.5,82,96,4,2,32.3,0
2022-04-07,32.3,25.8,28.8,78,0.0,19.5,1009.3,18,97,4,2,32.1,1
2022-04-08,32.1,26.5,29.2,74,0.1,15.6,1008.5,65,98,4,2,31.4,1
2022-04-09,31.4,26.4,28.8,77,0.5,17.0,1007.5,81,99,4,2,31.9,1
2022-04-10,31.9,25.7,28.9,77,0.5,16.3,1006.8,82,100,4,2,30.6,1
2022-04-11,30.6,26.8,28.8,77,1.2,15.5,1006.2,94,101,4,2,31.6,1
2022-04-12,31.6,26.5,28.9,78,0.8,18.0,1005.5,98,102,4,2,31.4,1
2022-04-13,31.4,26.4,28.6,80,1.1,18.6,1005.2,92,103,4,2,33.1,1
2022-04-14,33.1,26.5,29.4,76,1.2,23.5,1005.4,60,104,4,2,33.6,0
2022-04-15,33.6,27.2,30.1,74,0.0,24.5,1004.6,53,105,4,2,35.0,0
2022-04-16,35.0,27.8,30.5,76,0.0,25.8,1003.4,16,106,4,2,33.3,1
2022-04-17,33.3,28.0,30.3,77,0.5,19.6,1004.4,44,107,4,2,32.8,1
2022-04-18,32.8,26.9,29.7,77,0.2,17.2,1006.3,24,108,4,2,33.6,0
2022-04-19,33.6,27.3,30.1,78,0.0,20.9,1007.6,36,109,4,2,33.0,1
2022-04-20,33.0,27.1,29.8,79,0.1,23.2,1006.3,19,110,4,2,32.8,1
2022-04-21,32.8,27.6,29.8,73,0.1,22.4,1006.0,20,111,4,2,33.1,0
2022-04-22,33.1,26.9,29.8,69,0.0,18.6,1007.2,31,112,4,2,33.4,0
2022-04-23,33.4,26.7,29.9,73,0.0,22.8,1007.5,58,113,4,2,33.5,0
2022-04-24,33.5,26.8,29.9,76,0.0,19.6,1006.1,46,114,4,2,34.4,0
2022-04-25,34.4,26.3,29.9,75,0.0,26.1,1005.4,11,115,4,2,34.0,0
2022-04-26,34.0,26.5,29.9,76,0.0,26.1,1005.8,5,116,4,2,33.7,0
2022-04-27,33.7,26.6,29.8,77,0.0,23.9,1005.5,18,117,4,2,34.1,0
2022-04-28,34.1,27.0,29.9,76,0.0,27.4,1006.2,9,118,4,2,34.0,0
2022-04-29,34.0,27.4,30.2,79,0.0,24.0,1005.8,54,119,4,2,34.9,0
2022-04-30,34.9,27.3,30.5,78,0.0,22.6,1004.0,6,120,4,2,35.2,0
2022-05-01,35.2,28.0,30.7,78,0.0,24.3,1002.7,37,121,5,2,34.5,0
2022-05-02,34.5,28.3,30.8,78,0.0,20.5,1002.9,28,122,5,2,34.3,0
2022-05-03,34.3,28.6,30.8,77,0.0,23.7,1004.1,35,123,5,2,33.4,1
2022-05-04,33.4,27.9,30.4,77,0.1,21.5,1005.4,32,124,5,2,33.4,1
2022-05-05,33.4,27.3,30.1,78,0.2,18.6,1004.9,31,125,5,2,34.9,0
2022-05-06,34.9,27.9,30.8,77,0.0,23.2,1004.1,53,126,5,2,34.7,0
2022-05-07,34.7,27.3,30.5,77,0.0,16.5,1003.3,31,127,5,2,35.1,0
2022-05-08,35.1,27.8,30.6,78,0.0,13.7,1001.5,100,128,5,2,35.8,1
2022-05-09,35.8,27.9,30.8,73,0.3,14.7,999.1,100,129,5,2,30.9,1
2022-05-10,30.9,26.4,28.2,80,22.3,31.4,997.9,100,130,5,2,34.1,1
2022-05-11,34.1,25.4,30.3,58,4.0,25.5,999.1,100,131,5,2,32.2,1
2022-05-12,32.2,25.0,28.2,69,13.8,21.3,1001.6,95,132,5,2,33.6,1
2022-05-13,33.6,24.9,28.7,77,6.5,18.4,1001.4,86,133,5,2,34.6,1
2022-05-14,34.6,26.0,29.1,78,16.8,19.4,1001.9,88,134,5,2,34.0,1
2022-05-15,34.0,25.7,28.9,83,16.3,17.7,1002.9,84,135,5,2,32.9,1
2022-05-16,32.9,26.3,28.8,83,0.3,16.6,1002.5,98,136,5,2,32.1,1
2022-05-17,32.1,26.3,28.9,81,4.6,19.7,1001.8,86,137,5,2,32.3,1
2022-05-18,32.3,26.2,29.1,80,2.3,23.3,1002.1,98,138,5,2,33.9,1
2022-05-19,33.9,27.4,30.0,72,0.9,22.7,1002.9,68,139,5,2,34.7,1
2022-05-20,34.7,26.2,29.9,65,7.3,16.8,1004.0,76,140,5,2,35.9,1
2022-05-21,35.9,27.2,31.0,55,0.6,24.3,1002.9,64,141,5,2,37.5,0
2022-05-22,37.5,28.2,31.9,52,0.0,21.0,1000.8,89,142,5,2,36.5,0
2022-05-23,36.5,28.3,31.0,65,0.0,19.4,1000.8,39,143,5,2,36.3,1
2022-05-24,36.3,27.8,30.9,72,0.3,19.1,1003.1,53,144,5,2,35.8,0
2022-05-25,35.8,27.8,30.8,74,0.0,17.7,1004.9,36,145,5,2,35.7,1
2022-05-26,35.7,28.0,31.1,68,4.6,17.6,1005.0,26,146,5,2,37.0,1
2022-05-27,37.0,27.0,30.7,66,0.4,19.5,1004.1,26,147,5,2,37.3,0
2022-05-28,37.3,28.0,31.7,61,0.0,20.7,1002.9,14,148,5,2,37.6,1
2022-05-29,37.6,28.5,31.8,62,0.1,19.6,1002.9,30,149,5,2,36.7,1
2022-05-30,36.7,28.0,31.4,66,0.1,18.8,1002.3,61,150,5,2,36.4,0
2022-05-31,36.4,28.3,31.4,61,0.0,18.9,1001.6,91,151,5,2,37.3,0
2022-06-01,37.3,28.0,31.4,63,0.0,18.7,1001.4,80,152,6,3,37.7,1
2022-06-02,37.7,28.2,31.9,61,0.1,17.4,1001.4,83,153,6,3,36.9,0
2022-06-03,36.9,28.7,31.3,64,0.0,19.3,1001.1,19,154,6,3,35.6,0
2022-06-04,35.6,28.8,31.3,66,0.0,19.9,1001.4,43,155,6,3,36.4,0
2022-06-05,36.4,28.6,31.3,68,0.0,24.8,1001.3,76,156,6,3,35.3,1
2022-06-06,35.3,24.8,29.7,71,2.3,17.1,1002.7,96,157,6,3,36.4,1
2022-06-07,36.4,26.4,30.8,66,0.1,17.2,1002.6,92,158,6,3,37.5,1
2022-06-08,37.5,28.5,31.7,61,0.5,18.0,1001.9,27,159,6,3,35.4,0
2022-06-09,35.4,28.5,30.9,65,0.0,20.7,1001.9,65,160,6,3,36.7,0
2022-06-10,36.7,28.4,31.4,65,0.0,23.0,1002.7,94,161,6,3,36.7,0
2022-06-11,36.7,28.7,31.3,65,0.0,24.1,1003.6,97,162,6,3,35.2,0
2022-06-12,35.2,28.8,30.9,65,0.0,22.1,1003.8,49,163,6,3,34.8,0
2022-06-13,34.8,27.4,30.4,66,0.0,16.6,1004.7,68,164,6,3,35.7,1
2022-06-14,35.7,26.4,30.5,71,5.2,26.3,1004.1,81,165,6,3,32.7,1
2022-06-15,32.7,25.8,28.9,76,5.6,20.0,1004.0,87,166,6,3,32.5,1
2022-06-16,32.5,25.4,28.6,80,4.5,23.2,1004.2,99,167,6,3,30.8,1
2022-06-17,30.8,24.9,28.1,80,0.5,19.8,1004.2,100,168,6,3,31.2,1
2022-06-18,31.2,26.4,28.6,80,5.3,20.6,1004.6,86,169,6,3,32.8,1
2022-06-19,32.8,25.8,28.9,81,7.4,19.0,1004.5,77,170,6,3,33.2,1
2022-06-20,33.2,25.6,28.9,80,0.9,18.1,1003.2,69,171,6,3,33.2,1
2022-06-21,33.2,26.1,28.9,76,5.6,14.4,1002.1,99,172,6,3,33.1,1
2022-06-22,33.1,26.4,29.2,75,1.1,18.6,1003.3,93,173,6,3,32.5,1
2022-06-23,32.5,26.4,29.1,76,3.5,16.0,1004.5,97,174,6,3,33.5,1
2022-06-24,33.5,27.7,29.9,75,1.6,25.5,1003.3,100,175,6,3,34.6,1
2022-06-25,34.6,26.2,29.9,66,0.3,19.6,1001.1,99,176,6,3,35.0,1
2022-06-26,35.0,27.5,30.3,65,0.6,18.6,1001.9,98,177,6,3,33.5,1
2022-06-27,33.5,28.0,29.8,68,0.2,16.7,1003.6,100,178,6,3,33.2,1
2022-06-28,33.2,26.9,29.4,74,0.4,12.8,1003.7,92,179,6,3,34.8,1
2022-06-29,34.8,27.2,29.7,73,3.0,16.1,1002.0,67,180,6,3,35.1,1
2022-06-30,35.1,27.2,30.2,70,0.3,16.4,1001.3,89,181,6,3,35.1,1
2022-07-01,35.1,26.3,29.9,69,5.3,18.4,1001.4,67,182,7,3,34.9,1
2022-07-02,34.9,26.3,30.0,70,1.1,16.8,1000.5,90,183,7,3,34.4,1
2022-07-03,34.4,25.2,29.6,72,16.1,20.3,1000.9,100,184,7,3,34.3,1
2022-07-04,34.3,27.0,30.3,63,6.7,21.5,1001.1,100,185,7,3,32.2,1
2022-07-05,32.2,26.4,28.9,69,5.2,22.5,1001.0,100,186,7,3,30.8,1
2022-07-06,30.8,25.7,27.6,79,5.1,16.1,1002.7,100,187,7,3,33.0,1
2022-07-07,33.0,25.3,28.5,75,5.5,17.8,1004.3,100,188,7,3,33.1,1
2022-07-08,33.1,26.7,28.9,68,0.1,18.2,1003.1,100,189,7,3,30.9,1
2022-07-09,30.9,25.9,28.1,72,2.7,22.3,1001.4,100,190,7,3,34.9,1
2022-07-10,34.9,25.7,29.0,69,1.2,24.5,1001.6,95,191,7,3,33.0,1
2022-07-11,33.0,27.2,29.4,64,0.6,28.5,1003.3,100,192,7,3,35.1,1
2022-07-12,35.1,26.7,30.3,58,0.5,24.6,1002.7,93,193,7,3,35.7,1
2022-07-13,35.7,28.0,30.9,53,0.8,32.3,1000.6,99,194,7,3,35.9,0
2022-07-14,35.9,27.9,31.3,51,0.0,30.4,999.6,76,195,7,3,36.6,1
2022-07-15,36.6,27.6,31.2,53,0.3,25.0,1000.9,88,196,7,3,36.7,1
2022-07-16,36.7,27.1,30.5,59,0.3,23.5,1002.4,92,197,7,3,34.3,1
2022-07-17,34.3,26.3,29.1,72,2.2,20.0,1002.9,99,198,7,3,31.8,1
2022-07-18,31.8,25.8,28.0,78,3.3,15.8,1004.0,99,199,7,3,33.4,1
2022-07-19,33.4,26.2,29.0,75,0.1,14.6,1004.2,75,200,7,3,32.2,1
2022-07-20,32.2,25.9,28.7,79,10.8,16.0,1004.4,48,201,7,3,32.6,1
2022-07-21,32.6,24.7,28.7,81,19.8,20.0,1003.9,42,202,7,3,30.8,1
2022-07-22,30.8,25.1,27.8,83,9.7,12.6,1004.4,100,203,7,3,32.2,1
2022-07-23,32.2,24.8,27.7,83,5.5,15.8,1003.7,83,204,7,3,31.4,1
2022-07-24,31.4,25.0,27.8,81,2.9,13.6,1004.0,100,205,7,3,32.4,1
2022-07-25,32.4,25.6,28.5,78,1.7,11.5,1004.9,93,206,7,3,30.9,1
2022-07-26,30.9,25.1,27.6,81,10.3,15.1,1005.8,91,207,7,3,30.2,1
2022-07-27,30.2,25.2,27.6,82,1.6,13.3,1005.8,50,208,7,3,31.1,1
2022-07-28,31.1,25.4,28.3,81,0.4,12.6,1006.2,53,209,7,3,29.6,1
2022-07-29,29.6,24.9,27.9,84,2.1,15.0,1005.9,54,210,7,3,31.8,1
2022-07-30,31.8,26.3,28.5,81,0.4,15.9,1004.6,68,211,7,3,31.2,1
2022-07-31,31.2,25.6,28.7,80,1.5,14.3,1002.8,98,212,7,3,32.4,1
2022-08-01,32.4,25.1,28.7,79,7.2,16.6,1002.1,88,213,8,3,31.9,1
2022-08-02,31.9,25.1,28.2,81,19.0,15.4,1000.9,88,214,8,3,28.2,1
2022-08-03,28.2,24.5,26.3,88,16.9,11.2,1001.1,100,215,8,3,30.4,1
2022-08-04,30.4,24.4,26.6,88,21.2,15.5,1001.3,100,216,8,3,30.7,0
2022-08-05,30.7,25.0,27.7,77,0.0,20.2,1001.7,100,217,8,3,29.8,1
2022-08-06,29.8,26.5,27.9,72,2.8,20.2,1001.3,100,218,8,3,31.8,1
2022-08-07,31.8,26.4,28.8,69,0.4,21.1,1000.1,100,219,8,3,33.1,0
2022-08-08,33.1,27.1,29.6,63,0.0,24.5,999.7,100,220,8,3,34.5,0
2022-08-09,34.5,27.2,30.2,59,0.0,27.5,1000.0,100,221,8,3,34.2,1
2022-08-10,34.2,26.7,30.0,57,0.2,25.8,1000.4,99,222,8,3,35.7,0
2022-08-11,35.7,26.2,30.0,62,0.0,25.6,1002.0,94,223,8,3,35.4,1
2022-08-12,35.4,27.6,30.7,60,0.1,19.3,1003.3,87,224,8,3,35.2,1
2022-08-13,35.2,27.4,30.2,65,0.2,14.8,1003.3,99,225,8,3,33.9,0
2022-08-14,33.9,27.1,29.4,64,0.0,15.3,1004.5,100,226,8,3,33.3,1
2022-08-15,33.3,26.5,29.1,75,0.3,20.6,1005.5,100,227,8,3,32.2,1
2022-08-16,32.2,27.0,29.1,79,5.7,18.1,1005.9,54,228,8,3,32.8,1
2022-08-17,32.8,25.6,28.7,78,10.0,20.3,1005.8,86,229,8,3,33.7,1
2022-08-18,33.7,26.7,29.5,76,1.6,23.1,1004.4,100,230,8,3,33.5,1
2022-08-19,33.5,25.2,29.0,75,1.3,22.3,1004.1,100,231,8,3,34.7,0
2022-08-20,34.7,27.5,30.0,70,0.0,17.1,1003.8,100,232,8,3,33.3,1
2022-08-21,33.3,25.6,29.3,73,1.1,21.0,1003.6,92,233,8,3,34.5,1
2022-08-22,34.5,25.7,29.0,74,4.9,19.1,1003.0,67,234,8,3,34.0,1
2022-08-23,34.0,25.9,28.9,74,1.9,17.8,1003.4,87,235,8,3,31.8,1
2022-08-24,31.8,24.7,28.3,78,12.9,14.8,1005.3,93,236,8,3,33.1,1
2022-08-25,33.1,25.0,28.2,77,2.5,14.1,1004.3,69,237,8,3,32.5,1
2022-08-26,32.5,24.3,27.9,80,8.2,13.5,1003.9,92,238,8,3,31.5,1
2022-08-27,31.5,24.5,27.5,82,15.0,19.4,1003.9,94,239,8,3,31.8,1
2022-08-28,31.8,24.8,27.6,83,11.1,11.7,1003.6,71,240,8,3,31.2,1
2022-08-29,31.2,25.2,27.6,83,2.9,13.0,1004.8,58,241,8,3,30.3,1
2022-08-30,30.3,24.3,27.7,82,5.3,14.1,1005.8,85,242,8,3,28.8,1
2022-08-31,28.8,25.3,27.1,85,3.4,13.0,1005.5,99,243,8,3,28.2,1
2022-09-01,28.2,24.5,26.1,88,16.8,12.4,1005.6,91,244,9,3,30.0,1
2022-09-02,30.0,24.5,27.3,82,2.8,16.3,1006.0,48,245,9,3,31.2,1
2022-09-03,31.2,25.6,28.3,81,1.0,15.3,1005.6,67,246,9,3,31.4,1
2022-09-04,31.4,25.8,28.5,81,4.5,13.8,1004.9,37,247,9,3,31.7,1
2022-09-05,31.7,25.3,28.3,80,0.1,17.7,1004.7,47,248,9,3,31.2,1
2022-09-06,31.2,25.2,28.0,82,6.3,14.0,1004.2,88,249,9,3,31.1,1
2022-09-07,31.1,25.8,27.4,86,11.4,11.9,1004.3,100,250,9,3,29.1,1
2022-09-08,29.1,25.0,26.8,86,5.5,13.9,1004.0,100,251,9,3,32.0,1
2022-09-09,32.0,25.3,28.1,80,15.2,14.3,1003.2,100,252,9,3,31.4,1
2022-09-10,31.4,25.1,28.5,77,2.1,16.9,1003.0,100,253,9,3,32.3,0
2022-09-11,32.3,26.8,29.3,70,0.0,23.8,1002.6,100,254,9,3,32.7,0
2022-09-12,32.7,26.0,28.9,74,0.0,24.7,1003.0,100,255,9,3,33.0,1
2022-09-13,33.0,26.2,28.9,76,0.2,20.8,1005.4,64,256,9,3,32.7,1
2022-09-14,32.7,26.6,28.9,78,2.7,19.2,1007.4,57,257,9,3,32.8,1
2022-09-15,32.8,25.3,28.7,78,2.7,15.7,1008.0,79,258,9,3,33.5,1
2022-09-16,33.5,26.3,29.1,79,1.2,18.0,1005.8,50,259,9,3,33.9,1
2022-09-17,33.9,26.7,29.6,74,0.2,14.6,1005.4,81,260,9,3,33.8,0
2022-09-18,33.8,27.1,29.5,74,0.0,16.6,1005.8,94,261,9,3,34.0,1
2022-09-19,34.0,26.6,29.5,71,0.7,14.6,1005.5,100,262,9,3,34.8,0
2022-09-20,34.8,26.8,29.8,66,0.0,17.4,1004.8,97,263,9,3,34.8,0
2022-09-21,34.8,25.8,29.5,66,0.0,19.3,1005.0,60,264,9,3,35.5,0
2022-09-22,35.5,27.1,30.2,66,0.0,19.0,1005.4,84,265,9,3,34.3,1
2022-09-23,34.3,26.4,29.8,69,0.4,18.3,1006.0,73,266,9,3,34.3,1
2022-09-24,34.3,27.0,29.9,65,1.1,14.0,1005.7,82,267,9,3,34.1,1
2022-09-25,34.1,26.3,29.4,72,1.4,14.0,1005.0,78,268,9,3,33.5,1
2022-09-26,33.5,26.3,28.6,77,3.5,14.9,1005.8,72,269,9,3,32.7,1
2022-09-27,32.7,25.3,28.7,77,3.8,13.0,1004.7,91,270,9,3,32.1,1
2022-09-28,32.1,25.0,28.0,82,25.6,13.5,1003.8,81,271,9,3,32.0,1
2022-09-29,32.0,24.1,27.8,79,11.8,13.4,1003.6,100,272,9,3,30.1,1
2022-09-30,30.1,25.0,27.2,78,1.6,14.3,1004.2,100,273,9,3,29.4,1
2022-10-01,29.4,25.3,27.0,79,8.4,19.8,1004.1,100,274,10,4,32.1,0
2022-10-02,32.1,26.5,29.0,66,0.0,17.5,1003.3,100,275,10,4,33.6,0
2022-10-03,33.6,26.8,29.5,63,0.0,21.5,1002.9,100,276,10,4,33.9,0
2022-10-04,33.9,26.1,29.5,68,0.0,17.1,1003.1,100,277,10,4,28.5,1
2022-10-05,28.5,25.5,27.1,86,10.2,9.4,1003.9,100,278,10,4,30.7,1
2022-10-06,30.7,24.1,26.5,86,20.0,16.1,1004.3,92,279,10,4,28.2,1
2022-10-07,28.2,23.8,26.1,87,5.4,10.7,1005.7,95,280,10,4,29.7,1
2022-10-08,29.7,25.3,26.7,87,51.5,13.0,1006.4,85,281,10,4,28.5,1
2022-10-09,28.5,24.1,26.1,87,20.9,11.9,1007.0,96,282,10,4,29.0,1
2022-10-10,29.0,23.9,26.8,84,16.1,16.6,1008.1,97,283,10,4,29.4,1
2022-10-11,29.4,24.8,27.2,82,1.8,17.6,1008.3,38,284,10,4,30.4,1
2022-10-12,30.4,25.5,27.5,82,6.2,10.2,1008.2,47,285,10,4,30.0,1
2022-10-13,30.0,24.2,27.4,81,2.9,10.8,1007.8,74,286,10,4,29.3,1
2022-10-14,29.3,23.9,26.5,85,6.6,14.3,1007.0,94,287,10,4,29.7,1
2022-10-15,29.7,23.9,26.9,83,9.9,12.8,1006.1,58,288,10,4,29.6,1
2022-10-16,29.6,24.2,27.3,83,6.8,13.9,1008.1,45,289,10,4,29.3,1
2022-10-17,29.3,24.0,27.0,84,3.6,11.7,1009.8,55,290,10,4,30.8,1
2022-10-18,30.8,24.0,27.2,84,11.8,15.8,1008.9,70,291,10,4,30.6,1
2022-10-19,30.6,23.4,27.1,82,2.7,15.0,1008.2,84,292,10,4,30.2,1
2022-10-20,30.2,23.9,27.1,81,6.6,18.2,1008.9,96,293,10,4,29.4,1
2022-10-21,29.4,23.6,26.7,82,12.3,15.6,1010.1,85,294,10,4,29.9,1
2022-10-22,29.9,22.9,26.2,85,12.2,27.3,1010.4,97,295,10,4,31.5,0
2022-10-23,31.5,24.2,27.3,69,0.0,18.5,1008.8,80,296,10,4,31.5,0
2022-10-24,31.5,21.7,26.3,62,0.0,12.8,1007.7,60,297,10,4,31.5,0
2022-10-25,31.5,20.4,25.9,61,0.0,13.0,1008.7,9,298,10,4,30.3,0
2022-10-26,30.3,21.8,26.2,67,0.0,11.2,1010.4,24,299,10,4,29.8,1
2022-10-27,29.8,23.1,26.4,73,2.3,20.6,1010.0,35,300,10,4,28.5,1
2022-10-28,28.5,23.1,26.2,80,5.7,21.0,1009.2,48,301,10,4,30.3,1
2022-10-29,30.3,25.5,27.8,67,0.5,22.3,1008.9,86,302,10,4,30.3,1
2022-10-30,30.3,26.0,28.0,67,0.1,24.9,1009.1,73,303,10,4,26.2,1
2022-10-31,26.2,24.0,25.0,89,37.3,21.3,1008.9,100,304,10,4,25.7,1
2022-11-01,25.7,23.3,24.4,94,80.2,18.4,1009.6,100,305,11,4,25.3,1
2022-11-02,25.3,23.0,24.0,93,23.9,15.2,1009.4,100,306,11,4,26.9,1
2022-11-03,26.9,22.6,24.8,90,14.6,15.3,1009.2,94,307,11,4,28.1,1
2022-11-04,28.1,23.3,26.2,83,5.8,15.3,1010.4,75,308,11,4,29.2,1
2022-11-05,29.2,24.3,26.9,78,2.2,17.8,1011.9,46,309,11,4,29.6,1
2022-11-06,29.6,24.8,27.2,74,0.2,21.9,1012.1,45,310,11,4,27.9,1
2022-11-07,27.9,24.0,26.1,82,3.6,20.5,1011.6,67,311,11,4,28.2,1
2022-11-08,28.2,23.9,26.3,81,4.4,20.1,1011.1,80,312,11,4,29.3,1
2022-11-09,29.3,24.5,26.5,79,1.9,22.8,1010.6,54,313,11,4,29.2,1
2022-11-10,29.2,23.5,26.4,78,4.5,26.3,1010.0,90,314,11,4,25.7,1
2022-11-11,25.7,23.8,25.0,89,32.4,26.7,1009.0,100,315,11,4,26.2,1
2022-11-12,26.2,23.8,25.4,89,20.4,22.8,1009.7,100,316,11,4,26.8,1
2022-11-13,26.8,23.0,25.1,89,16.6,15.6,1010.7,77,317,11,4,27.0,1
2022-11-14,27.0,23.3,25.4,86,4.0,16.3,1011.3,84,318,11,4,29.0,1
2022-11-15,29.0,22.6,25.9,81,0.5,18.1,1011.4,60,319,11,4,28.8,0
2022-11-16,28.8,22.6,25.7,74,0.0,16.1,1010.2,51,320,11,4,28.4,0
2022-11-17,28.4,21.1,24.9,75,0.0,19.5,1009.7,76,321,11,4,28.6,0
2022-11-18,28.6,21.2,25.1,74,0.0,23.5,1009.8,100,322,11,4,28.9,0
2022-11-19,28.9,21.3,25.0,72,0.0,24.7,1009.5,89,323,11,4,26.9,1
2022-11-20,26.9,21.2,23.8,70,0.6,23.2,1008.3,100,324,11,4,24.4,1
2022-11-21,24.4,19.8,21.9,82,48.3,23.2,1007.4,100,325,11,4,24.1,1
2022-11-22,24.1,21.4,22.8,91,67.6,22.1,1007.1,99,326,11,4,28.2,1
2022-11-23,28.2,22.6,25.2,88,9.4,15.5,1007.8,90,327,11,4,28.2,1
2022-11-24,28.2,22.8,25.4,88,4.3,10.5,1009.5,67,328,11,4,28.6,1
2022-11-25,28.6,22.9,25.6,86,1.0,11.2,1010.4,81,329,11,4,28.3,1
2022-11-26,28.3,23.3,25.6,87,0.9,13.9,1009.5,96,330,11,4,28.7,1
2022-11-27,28.7,23.0,25.5,86,1.6,12.2,1008.0,56,331,11,4,28.3,1
2022-11-28,28.3,22.7,25.6,80,1.2,13.1,1008.5,36,332,11,4,28.3,0
2022-11-29,28.3,21.7,25.0,74,0.0,15.1,1009.7,46,333,11,4,28.3,1
2022-11-30,28.3,21.3,25.0,79,0.5,14.0,1010.3,51,334,11,4,27.9,1
2022-12-01,27.9,24.1,25.8,85,2.0,12.9,1009.9,62,335,12,4,29.0,1
2022-12-02,29.0,23.7,26.3,84,2.0,15.0,1009.2,55,336,12,4,28.1,1
2022-12-03,28.1,23.8,25.8,85,4.8,16.5,1009.7,78,337,12,4,29.0,1
2022-12-04,29.0,24.2,26.4,82,2.5,20.1,1010.3,77,338,12,4,29.0,1
2022-12-05,29.0,24.8,26.7,78,0.2,19.9,1010.8,60,339,12,4,28.7,0
2022-12-06,28.7,23.9,26.2,76,0.0,21.7,1010.0,98,340,12,4,27.7,0
2022-12-07,27.7,23.3,25.2,78,0.0,26.5,1008.4,100,341,12,4,25.0,1
2022-12-08,25.0,21.3,23.1,82,23.8,35.8,1006.3,100,342,12,4,25.2,1
2022-12-09,25.2,20.4,23.3,91,114.0,53.1,1001.3,100,343,12,4,26.7,1
2022-12-10,26.7,23.2,24.8,82,13.7,44.0,1001.1,93,344,12,4,26.5,1
2022-12-11,26.5,23.3,24.9,86,7.0,14.5,1007.2,81,345,12,4,26.0,1
2022-12-12,26.0,23.9,24.9,88,21.6,22.4,1008.5,92,346,12,4,28.5,1
2022-12-13,28.5,23.4,25.9,84,1.1,15.5,1009.9,42,347,12,4,28.4,1
2022-12-14,28.4,22.8,25.6,85,1.2,17.2,1010.6,54,348,12,4,27.6,0
2022-12-15,27.6,22.3,24.6,83,0.0,10.5,1010.4,42,349,12,4,28.0,0
2022-12-16,28.0,21.3,24.5,83,0.0,14.3,1009.5,47,350,12,4,28.3,0
2022-12-17,28.3,22.6,25.5,82,0.0,15.5,1010.1,59,351,12,4,27.8,1
2022-12-18,27.8,23.9,25.7,77,1.5,24.0,1009.6,89,352,12,4,28.4,1
2022-12-19,28.4,23.5,25.9,69,0.1,21.4,1008.9,79,353,12,4,27.7,1
2022-12-20,27.7,22.5,25.4,78,0.4,24.2,1008.6,91,354,12,4,28.2,1
2022-12-21,28.2,23.4,25.4,78,0.7,23.6,1008.6,100,355,12,4,27.9,0
2022-12-22,27.9,23.4,25.6,73,0.0,24.0,1008.6,100,356,12,4,27.9,1
2022-12-23,27.9,22.7,25.2,76,0.4,26.8,1008.5,88,357,12,4,28.2,1
2022-12-24,28.2,23.2,25.4,80,4.1,27.8,1008.8,90,358,12,4,27.0,1
2022-12-25,27.0,24.1,25.1,89,13.1,19.0,1009.8,98,359,12,4,28.2,1
2022-12-26,28.2,23.6,25.8,86,6.4,17.0,1011.8,63,360,12,4,27.5,1
2022-12-27,27.5,24.1,25.8,86,1.4,13.0,1013.1,40,361,12,4,28.5,1
2022-12-28,28.5,22.7,25.3,87,0.4,11.9,1013.9,32,362,12,4,28.6,1
2022-12-29,28.6,22.4,25.1,87,0.3,10.7,1014.8,13,363,12,4,29.1,0
2022-12-30,29.1,22.2,25.3,86,0.0,11.5,1015.6,34,364,12,4,28.7,0
2022-12-31,28.7,22.3,24.9,85,0.0,10.0,1015.0,36,365,12,4,28.6,0
2023-01-01,28.6,21.3,24.6,84,0.0,13.0,1014.4,66,1,1,1,28.2,1
2023-01-02,28.2,21.8,25.1,78,0.1,9.6,1014.4,29,2,1,1,27.8,1
2023-01-03,27.8,22.0,25.0,76,0.3,17.7,1014.5,21,3,1,1,27.6,1
2023-01-04,27.6,22.0,25.4,74,1.9,16.7,1013.7,32,4,1,1,28.5,0
2023-01-05,28.5,25.0,26.4,69,0.0,22.2,1013.8,27,5,1,1,28.1,0
2023-01-06,28.1,24.4,26.0,71,0.0,24.5,1015.0,51,6,1,1,28.0,1
2023-01-07,28.0,23.7,25.6,74,0.9,22.3,1014.3,22,7,1,1,27.2,1
2023-01-08,27.2,22.2,24.6,74,1.4,20.7,1013.6,29,8,1,1,27.0,0
2023-01-09,27.0,21.8,24.2,66,0.0,17.4,1014.8,5,9,1,1,27.3,0
2023-01-10,27.3,20.0,23.7,70,0.0,18.2,1014.4,50,10,1,1,27.6,0
2023-01-11,27.6,19.3,23.3,76,0.0,14.2,1012.5,12,11,1,1,27.6,0
2023-01-12,27.6,19.9,23.1,78,0.0,13.2,1011.6,54,12,1,1,28.0,0
2023-01-13,28.0,18.8,23.7,73,0.0,10.7,1011.9,86,13,1,1,27.6,0
2023-01-14,27.6,19.1,23.5,75,0.0,12.7,1011.7,53,14,1,1,27.3,0
2023-01-15,27.3,18.6,23.1,74,0.0,11.2,1011.2,56,15,1,1,27.4,0
2023-01-16,27.4,18.2,23.5,73,0.0,15.6,1011.8,10,16,1,1,28.1,1
2023-01-17,28.1,20.2,24.4,70,0.2,12.3,1012.6,47,17,1,1,28.4,0
2023-01-18,28.4,20.0,24.3,67,0.0,15.4,1014.0,80,18,1,1,28.4,0
2023-01-19,28.4,19.5,24.5,65,0.0,14.9,1013.8,48,19,1,1,27.4,1
2023-01-20,27.4,22.0,25.1,74,3.2,18.0,1013.1,68,20,1,1,29.1,1
2023-01-21,29.1,22.8,25.2,75,1.9,21.3,1012.4,72,21,1,1,28.3,0
2023-01-22,28.3,22.4,25.4,69,0.0,17.7,1011.7,97,22,1,1,28.7,1
2023-01-23,28.7,24.5,26.3,69,0.2,19.3,1010.7,75,23,1,1,28.0,0
2023-01-24,28.0,23.3,25.5,69,0.0,17.1,1011.3,89,24,1,1,28.0,1
2023-01-25,28.0,22.3,25.4,67,0.4,16.0,1011.2,64,25,1,1,29.3,0
2023-01-26,29.3,21.5,25.4,67,0.0,18.4,1011.2,44,26,1,1,28.7,0
2023-01-27,28.7,21.2,25.1,68,0.0,15.8,1011.2,39,27,1,1,28.9,1
2023-01-28,28.9,21.1,24.9,74,0.2,18.2,1010.4,40,28,1,1,28.5,1
2023-01-29,28.5,22.7,25.8,71,0.6,23.4,1009.4,84,29,1,1,29.0,1
2023-01-30,29.0,24.1,26.3,75,1.9,24.3,1010.2,79,30,1,1,27.9,1
2023-01-31,27.9,24.4,25.8,78,2.0,23.5,1009.8,100,31,1,1,28.7,1
2023-02-01,28.7,24.9,26.3,75,0.9,24.1,1009.3,100,32,2,1,29.0,0
2023-02-02,29.0,25.6,26.7,72,0.0,24.6,1009.9,84,33,2,1,29.1,1
2023-02-03,29.1,25.8,27.0,69,0.9,22.9,1010.7,53,34,2,1,29.0,0
2023-02-04,29.0,23.5,26.1,73,0.0,17.7,1010.4,25,35,2,1,28.7,0
2023-02-05,28.7,21.0,24.7,80,0.0,16.5,1010.1,48,36,2,1,28.6,0
2023-02-06,28.6,20.8,24.5,83,0.0,15.5,1010.4,82,37,2,1,29.4,0
2023-02-07,29.4,20.8,24.9,82,0.0,13.5,1010.2,34,38,2,1,29.1,0
2023-02-08,29.1,22.1,25.2,81,0.0,12.0,1010.3,69,39,2,1,28.8,0
2023-02-09,28.8,21.5,24.8,81,0.0,12.4,1010.9,88,40,2,1,31.3,0
2023-02-10,31.3,20.4,25.2,77,0.0,15.2,1011.9,73,41,2,1,30.0,0
2023-02-11,30.0,21.2,24.7,78,0.0,12.8,1012.0,85,42,2,1,30.2,0
2023-02-12,30.2,19.7,24.5,77,0.0,14.4,1012.1,50,43,2,1,29.4,0
2023-02-13,29.4,20.0,24.3,78,0.0,13.3,1012.2,28,44,2,1,29.2,0
2023-02-14,29.2,19.6,24.4,80,0.0,16.3,1012.0,16,45,2,1,30.1,0
2023-02-15,30.1,20.7,24.7,78,0.0,16.6,1010.6,16,46,2,1,29.2,0
2023-02-16,29.2,20.1,24.6,78,0.0,14.8,1011.0,41,47,2,1,29.1,0
2023-02-17,29.1,19.4,24.5,76,0.0,13.9,1011.6,23,48,2,1,29.5,0
2023-02-18,29.5,20.8,25.5,74,0.0,14.8,1011.7,7,49,2,1,29.6,1
2023-02-19,29.6,22.2,25.8,76,0.1,14.4,1011.9,9,50,2,1,30.8,0
2023-02-20,30.8,20.4,25.3,72,0.0,14.4,1011.9,13,51,2,1,31.5,0
2023-02-21,31.5,20.8,25.5,71,0.0,16.3,1011.9,13,52,2,1,31.0,0
2023-02-22,31.0,21.0,25.9,69,0.0,14.2,1011.5,9,53,2,1,30.4,0
2023-02-23,30.4,20.7,25.5,72,0.0,16.9,1011.5,9,54,2,1,30.1,0
2023-02-24,30.1,20.7,25.2,71,0.0,13.0,1012.2,6,55,2,1,30.8,0
2023-02-25,30.8,19.6,24.9,74,0.0,14.4,1013.6,16,56,2,1,29.5,0
2023-02-26,29.5,19.9,24.5,77,0.0,14.1,1014.9,24,57,2,1,31.7,0
2023-02-27,31.7,20.7,25.7,70,0.0,16.7,1014.9,17,58,2,1,30.2,1
2023-02-28,30.2,23.1,26.7,75,0.2,17.8,1014.7,8,59,2,1,30.7,0
2023-03-01,30.7,25.0,27.3,73,0.0,17.3,1014.7,20,60,3,2,30.6,0
2023-03-02,30.6,21.7,26.4,65,0.0,14.0,1015.0,11,61,3,2,30.7,0
2023-03-03,30.7,21.5,25.9,72,0.0,17.1,1015.4,37,62,3,2,31.2,0
2023-03-04,31.2,21.3,26.2,74,0.0,15.9,1015.2,2,63,3,2,31.1,0
2023-03-05,31.1,22.3,26.3,77,0.0,15.8,1014.7,30,64,3,2,31.0,0
2023-03-06,31.0,22.3,26.1,75,0.0,14.8,1013.2,35,65,3,2,30.4,0
2023-03-07,30.4,22.0,26.4,74,0.0,16.7,1012.7,55,66,3,2,30.6,0
2023-03-08,30.6,23.4,26.6,73,0.0,16.2,1012.7,45,67,3,2,30.6,0
2023-03-09,30.6,23.0,26.8,76,0.0,16.7,1012.0,93,68,3,2,30.4,0
2023-03-10,30.4,23.4,26.7,76,0.0,16.1,1011.5,92,69,3,2,30.5,0
2023-03-11,30.5,22.8,26.9,73,0.0,18.7,1011.7,22,70,3,2,30.8,0
2023-03-12,30.8,23.1,27.0,78,0.0,18.4,1011.4,11,71,3,2,31.8,0
2023-03-13,31.8,23.8,27.2,79,0.0,15.0,1010.3,30,72,3,2,31.2,0
2023-03-14,31.2,23.4,27.1,79,0.0,14.0,1008.8,15,73,3,2,31.0,0
2023-03-15,31.0,24.8,27.7,77,0.0,18.6,1008.3,39,74,3,2,30.9,0
2023-03-16,30.9,25.9,28.1,74,0.0,18.6,1009.1,30,75,3,2,30.3,1
2023-03-17,30.3,24.6,27.2,79,5.9,18.0,1009.4,57,76,3,2,30.4,1
2023-03-18,30.4,24.8,27.4,77,3.3,16.9,1008.3,58,77,3,2,29.9,1
2023-03-19,29.9,23.3,26.4,81,21.5,15.9,1007.5,81,78,3,2,28.9,1
2023-03-20,28.9,23.5,26.5,82,1.5,20.6,1007.0,93,79,3,2,30.5,1
2023-03-21,30.5,24.4,27.5,83,0.3,20.8,1006.7,76,80,3,2,31.9,1
2023-03-22,31.9,24.7,27.9,82,1.4,17.7,1007.0,56,81,3,2,31.3,1
2023-03-23,31.3,25.6,28.1,82,2.0,20.8,1007.4,80,82,3,2,31.9,1
2023-03-24,31.9,26.2,28.5,83,1.5,20.2,1007.6,61,83,3,2,31.5,1
2023-03-25,31.5,26.2,28.3,82,0.6,22.2,1008.9,95,84,3,2,30.7,1
2023-03-26,30.7,26.5,28.3,82,0.7,20.4,1008.1,96,85,3,2,33.0,1
2023-03-27,33.0,25.4,28.6,80,0.2,20.6,1007.4,44,86,3,2,32.0,1
2023-03-28,32.0,25.9,28.6,80,0.1,20.6,1008.0,81,87,3,2,31.7,0
2023-03-29,31.7,26.3,28.4,76,0.0,22.1,1009.0,39,88,3,2,31.6,0
2023-03-30,31.6,24.8,28.0,75,0.0,22.9,1008.3,49,89,3,2,32.4,0
2023-03-31,32.4,24.7,28.4,75,0.0,23.7,1007.2,32,90,3,2,32.3,1
2023-04-01,32.3,26.1,28.8,78,2.2,23.5,1007.4,36,91,4,2,32.9,1
2023-04-02,32.9,26.9,28.9,79,6.1,23.5,1007.0,50,92,4,2,31.3,1
2023-04-03,31.3,27.2,28.8,79,0.8,23.0,1007.0,49,93,4,2,31.6,1
2023-04-04,31.6,27.1,28.8,77,0.4,23.1,1008.1,20,94,4,2,32.7,1
2023-04-05,32.7,26.5,29.0,78,0.1,24.7,1007.6,39,95,4,2,32.9,1
2023-04-06,32.9,26.5,29.2,77,0.1,22.0,1008.2,14,96,4,2,32.0,0
2023-04-07,32.0,25.5,28.6,77,0.0,16.6,1009.9,12,97,4,2,31.5,0
2023-04-08,31.5,25.1,28.3,77,0.0,15.3,1011.8,14,98,4,2,32.4,0
2023-04-09,32.4,25.3,28.8,72,0.0,15.0,1011.9,18,99,4,2,32.3,0
2023-04-10,32.3,25.5,28.7,75,0.0,14.5,1010.5,4,100,4,2,33.1,0
2023-04-11,33.1,25.0,28.4,77,0.0,12.9,1010.3,39,101,4,2,33.9,0
2023-04-12,33.9,23.9,28.2,77,0.0,17.0,1009.7,24,102,4,2,34.2,0
2023-04-13,34.2,24.5,28.7,78,0.0,19.1,1008.9,28,103,4,2,34.8,0
2023-04-14,34.8,24.2,28.8,78,0.0,21.9,1008.4,30,104,4,2,35.3,0
2023-04-15,35.3,23.9,29.1,77,0.0,19.6,1007.9,81,105,4,2,35.5,0
2023-04-16,35.5,25.1,29.4,76,0.0,21.7,1006.7,60,106,4,2,34.4,0
2023-04-17,34.4,24.4,29.0,77,0.0,20.1,1007.1,1,107,4,2,34.4,0
2023-04-18,34.4,25.0,29.1,79,0.0,22.7,1008.0,11,108,4,2,34.7,0
2023-04-19,34.7,25.3,29.5,80,0.0,25.9,1006.0,19,109,4,2,36.0,0
2023-04-20,36.0,26.4,30.4,78,0.0,26.2,1003.7,10,110,4,2,35.9,0
2023-04-21,35.9,27.6,30.7,76,0.0,27.4,1003.8,16,111,4,2,33.9,1
2023-04-22,33.9,28.0,30.4,77,0.1,23.5,1004.3,28,112,4,2,33.5,1
2023-04-23,33.5,27.9,30.4,77,6.3,25.1,1004.8,63,113,4,2,32.6,1
2023-04-24,32.6,28.2,30.1,75,0.9,22.1,1006.6,42,114,4,2,32.1,1
2023-04-25,32.1,27.8,29.9,74,0.9,20.2,1007.6,70,115,4,2,32.8,1
2023-04-26,32.8,27.2,29.9,71,0.1,15.0,1007.3,63,116,4,2,33.1,1
2023-04-27,33.1,26.9,30.1,74,0.1,17.0,1007.3,89,117,4,2,32.9,1
2023-04-28,32.9,27.8,30.2,73,1.4,18.2,1007.7,85,118,4,2,31.5,1
2023-04-29,31.5,27.8,29.0,77,4.5,24.9,1007.4,85,119,4,2,32.2,1
2023-04-30,32.2,25.0,28.6,79,5.5,20.5,1005.9,64,120,4,2,31.0,1
2023-05-01,31.0,24.9,27.8,83,25.5,16.0,1006.1,99,121,5,2,28.8,1
2023-05-02,28.8,24.1,26.6,87,27.8,22.2,1007.1,98,122,5,2,29.0,1
2023-05-03,29.0,25.1,26.7,88,9.1,12.0,1007.3,100,123,5,2,31.0,1
2023-05-04,31.0,25.3,28.4,82,0.7,14.2,1006.4,100,124,5,2,30.3,1
2023-05-05,30.3,24.7,27.1,87,13.0,17.8,1006.0,100,125,5,2,31.0,1
2023-05-06,31.0,25.3,27.8,85,5.0,9.8,1005.3,89,126,5,2,32.0,1
2023-05-07,32.0,25.8,28.8,81,0.2,11.8,1004.8,99,127,5,2,31.9,0
2023-05-08,31.9,25.2,28.8,80,0.0,13.8,1004.2,91,128,5,2,32.9,1
2023-05-09,32.9,25.6,29.4,81,0.1,13.5,1004.5,81,129,5,2,33.6,0
2023-05-10,33.6,26.5,29.7,80,0.0,16.1,1004.0,100,130,5,2,34.4,0
2023-05-11,34.4,26.7,29.6,81,0.0,14.8,1004.6,99,131,5,2,37.2,0
2023-05-12,37.2,26.8,31.0,77,0.0,17.0,1004.1,100,132,5,2,39.9,0
2023-05-13,39.9,28.7,33.3,52,0.0,20.6,1003.6,100,133,5,2,40.3,0
2023-05-14,40.3,29.6,32.8,60,0.0,21.3,1002.3,100,134,5,2,37.1,0
2023-05-15,37.1,28.4,31.5,70,0.0,20.6,1003.6,100,135,5,2,38.2,0
2023-05-16,38.2,28.6,31.9,73,0.0,20.2,1005.1,96,136,5,2,34.1,0
2023-05-17,34.1,28.5,31.0,79,0.0,26.1,1006.4,28,137,5,2,35.9,1
2023-05-18,35.9,27.7,30.5,79,0.7,23.5,1007.7,32,138,5,2,35.2,0
2023-05-19,35.2,28.1,30.7,79,0.0,24.0,1006.3,14,139,5,2,33.8,0
2023-05-20,33.8,28.0,30.6,79,0.0,21.6,1005.7,0,140,5,2,34.5,0
2023-05-21,34.5,28.1,30.7,80,0.0,23.9,1006.7,13,141,5,2,34.2,1
2023-05-22,34.2,27.2,30.0,80,9.8,21.9,1007.9,25,142,5,2,35.3,0
2023-05-23,35.3,27.9,30.7,74,0.0,21.7,1007.9,4,143,5,2,36.3,0
2023-05-24,36.3,28.3,31.3,71,0.0,26.0,1006.8,11,144,5,2,38.5,1
2023-05-25,38.5,29.0,32.7,60,0.9,21.9,1006.5,54,145,5,2,38.3,1
2023-05-26,38.3,29.3,32.1,63,0.3,18.3,1007.1,46,146,5,2,37.7,0
2023-05-27,37.7,28.2,31.9,65,0.0,14.9,1005.4,16,147,5,2,36.0,1
2023-05-28,36.0,28.2,31.0,74,7.2,16.2,1004.8,75,148,5,2,34.6,0
2023-05-29,34.6,27.9,31.1,76,0.0,20.2,1005.3,30,149,5,2,35.1,1
2023-05-30,35.1,27.2,30.3,77,0.3,21.0,1006.5,95,150,5,2,34.4,0
2023-05-31,34.4,26.4,29.9,77,0.0,18.6,1005.7,68,151,5,2,36.7,0
2023-06-01,36.7,28.5,31.9,67,0.0,22.5,1004.2,61,152,6,3,38.7,0
2023-06-02,38.7,29.3,32.4,62,0.0,16.6,1004.0,60,153,6,3,39.1,0
2023-06-03,39.1,29.3,32.5,62,0.0,18.2,1003.6,84,154,6,3,37.9,1
2023-06-04,37.9,29.2,32.4,59,0.6,22.1,1003.9,61,155,6,3,37.9,1
2023-06-05,37.9,28.7,32.1,60,0.2,19.4,1003.5,72,156,6,3,39.8,1
2023-06-06,39.8,28.4,32.6,60,0.1,20.6,1002.6,95,157,6,3,35.1,1
2023-06-07,35.1,27.5,31.5,63,16.8,19.9,1003.1,96,158,6,3,37.1,0
2023-06-08,37.1,30.2,32.2,58,0.0,20.4,1003.0,95,159,6,3,38.5,1
2023-06-09,38.5,28.7,32.1,60,1.4,31.7,1001.8,94,160,6,3,38.7,1
2023-06-10,38.7,28.6,32.0,63,0.8,22.0,1001.6,72,161,6,3,38.3,1
2023-06-11,38.3,28.6,31.8,59,5.8,24.3,1002.0,85,162,6,3,38.8,1
2023-06-12,38.8,28.4,32.5,57,0.3,20.1,1001.9,69,163,6,3,38.0,0
2023-06-13,38.0,28.7,32.4,59,0.0,18.8,1002.3,66,164,6,3,39.4,0
2023-06-14,39.4,29.6,33.1,54,0.0,19.1,1003.5,70,165,6,3,38.7,0
2023-06-15,38.7,30.2,32.8,56,0.0,19.0,1003.6,67,166,6,3,39.6,1
2023-06-16,39.6,29.6,33.7,54,1.2,19.5,1002.5,61,167,6,3,37.5,0
2023-06-17,37.5,29.2,32.6,54,0.0,20.9,1003.0,100,168,6,3,34.3,1
2023-06-18,34.3,27.0,29.9,72,3.0,22.8,1003.4,99,169,6,3,32.0,1
2023-06-19,32.0,25.8,27.9,81,16.8,22.1,1003.0,100,170,6,3,34.3,1
2023-06-20,34.3,25.7,29.8,72,2.1,28.2,1002.1,96,171,6,3,33.0,1
2023-06-21,33.0,26.2,29.4,78,1.2,17.7,1003.3,100,172,6,3,33.2,1
2023-06-22,33.2,27.2,29.8,76,0.5,14.1,1003.5,100,173,6,3,34.4,1
2023-06-23,34.4,26.8,30.1,76,0.3,15.5,1003.6,100,174,6,3,34.0,1
2023-06-24,34.0,27.7,30.5,69,0.2,14.8,1003.1,100,175,6,3,34.1,0
2023-06-25,34.1,28.3,30.5,68,0.0,19.2,1003.0,100,176,6,3,34.9,1
2023-06-26,34.9,27.9,30.4,69,0.9,18.2,1003.7,100,177,6,3,36.0,0
2023-06-27,36.0,27.7,31.2,66,0.0,22.3,1003.8,100,178,6,3,35.7,1
2023-06-28,35.7,27.7,30.8,65,2.8,20.4,1004.9,72,179,6,3,36.2,1
2023-06-29,36.2,27.5,31.0,65,0.9,17.3,1005.3,62,180,6,3,36.3,0
2023-06-30,36.3,26.8,31.2,62,0.0,17.8,1005.0,77,181,6,3,34.9,1
2023-07-01,34.9,28.3,30.7,64,0.6,23.7,1005.1,98,182,7,3,33.5,1
2023-07-02,33.5,26.5,29.0,77,3.9,15.5,1004.4,100,183,7,3,33.2,1
2023-07-03,33.2,25.4,28.4,79,17.7,21.4,1003.3,100,184,7,3,32.2,1
2023-07-04,32.2,26.2,28.2,79,13.2,17.6,1001.7,100,185,7,3,34.2,1
2023-07-05,34.2,25.8,28.5,78,18.4,20.9,1000.3,100,186,7,3,31.9,1
2023-07-06,31.9,27.1,29.0,72,0.1,21.9,1003.1,100,187,7,3,34.1,1
2023-07-07,34.1,27.1,30.0,65,0.4,19.3,1005.1,100,188,7,3,34.3,1
2023-07-08,34.3,27.2,30.3,66,0.3,18.1,1005.9,93,189,7,3,35.3,1
2023-07-09,35.3,26.4,29.9,69,9.7,16.2,1005.2,95,190,7,3,31.3,1
2023-07-10,31.3,25.1,27.8,84,22.4,17.3,1005.2,100,191,7,3,31.8,1
2023-07-11,31.8,25.7,28.4,80,10.8,17.6,1004.3,100,192,7,3,32.5,1
2023-07-12,32.5,24.5,27.6,83,16.2,15.1,1004.6,100,193,7,3,32.7,1
2023-07-13,32.7,26.1,28.9,78,0.6,14.3,1004.6,89,194,7,3,33.9,1
2023-07-14,33.9,26.9,30.0,70,0.3,17.0,1005.1,70,195,7,3,35.2,0
2023-07-15,35.2,27.3,31.0,63,0.0,18.2,1004.6,93,196,7,3,34.1,1
2023-07-16,34.1,27.5,30.4,67,1.0,15.0,1004.3,100,197,7,3,35.7,1
2023-07-17,35.7,27.7,30.4,66,1.1,15.9,1003.5,91,198,7,3,36.1,1
2023-07-18,36.1,27.7,31.1,61,0.1,23.9,1002.5,100,199,7,3,36.3,1
2023-07-19,36.3,28.3,31.1,54,0.4,27.8,1001.6,96,200,7,3,36.2,0
2023-07-20,36.2,28.3,31.7,51,0.0,29.2,1001.2,100,201,7,3,36.0,0
2023-07-21,36.0,29.1,31.9,51,0.0,27.0,1002.2,100,202,7,3,34.6,1
2023-07-22,34.6,27.8,30.9,58,1.1,23.9,1004.1,100,203,7,3,29.2,1
2023-07-23,29.2,25.7,27.3,83,11.1,19.6,1004.8,100,204,7,3,29.5,1
2023-07-24,29.5,25.5,27.0,84,10.3,15.6,1004.2,100,205,7,3,28.6,1
2023-07-25,28.6,24.7,26.5,86,15.8,17.5,1004.3,100,206,7,3,28.8,1
2023-07-26,28.8,25.0,26.7,83,5.3,20.5,1005.0,100,207,7,3,34.6,0
2023-07-27,34.6,25.5,29.6,66,0.0,24.7,1005.0,73,208,7,3,35.3,1
2023-07-28,35.3,27.0,30.7,59,0.5,24.3,1004.5,47,209,7,3,35.5,0
2023-07-29,35.5,27.5,31.0,57,0.0,26.3,1004.3,54,210,7,3,35.5,0
2023-07-30,35.5,28.2,31.0,60,0.0,22.7,1003.9,81,211,7,3,34.8,1
2023-07-31,34.8,27.8,30.4,65,0.7,18.4,1003.9,99,212,7,3,35.2,1
2023-08-01,35.2,27.4,30.8,61,1.3,22.4,1003.9,100,213,8,3,36.0,0
2023-08-02,36.0,28.4,31.7,50,0.0,22.8,1004.7,100,214,8,3,37.0,1
2023-08-03,37.0,28.5,31.5,56,0.7,20.9,1004.5,76,215,8,3,36.8,1
2023-08-04,36.8,27.6,30.8,63,0.9,19.5,1006.6,73,216,8,3,36.4,1
2023-08-05,36.4,28.3,31.2,62,0.6,18.7,1007.5,70,217,8,3,36.0,1
2023-08-06,36.0,24.3,30.3,70,15.4,18.1,1006.9,78,218,8,3,35.6,1
2023-08-07,35.6,26.2,30.1,72,0.8,18.7,1005.0,100,219,8,3,35.1,1
2023-08-08,35.1,24.4,30.0,72,1.7,18.7,1005.4,100,220,8,3,34.4,1
2023-08-09,34.4,26.7,30.0,71,1.9,15.0,1007.1,97,221,8,3,35.0,1
2023-08-10,35.0,25.3,29.7,73,0.7,14.6,1007.5,99,222,8,3,33.9,1
2023-08-11,33.9,26.6,29.0,75,2.3,17.0,1006.7,83,223,8,3,35.3,1
2023-08-12,35.3,25.2,28.9,79,18.3,17.7,1006.2,92,224,8,3,34.5,1
2023-08-13,34.5,25.2,29.2,78,8.1,14.8,1005.6,100,225,8,3,33.5,1
2023-08-14,33.5,25.8,28.4,81,11.4,18.8,1006.3,89,226,8,3,33.5,1
2023-08-15,33.5,25.4,29.1,80,2.7,17.3,1006.4,67,227,8,3,34.3,1
2023-08-16,34.3,26.5,29.7,75,0.5,17.2,1006.4,37,228,8,3,35.4,1
2023-08-17,35.4,24.9,29.6,72,8.5,21.3,1005.8,89,229,8,3,35.4,1
2023-08-18,35.4,24.4,29.2,73,0.8,22.6,1004.4,99,230,8,3,35.6,1
2023-08-19,35.6,27.1,30.0,66,0.5,16.5,1003.9,86,231,8,3,34.1,1
2023-08-20,34.1,26.6,29.6,70,0.7,17.6,1004.4,48,232,8,3,34.3,1
2023-08-21,34.3,27.5,30.1,74,1.8,13.4,1004.3,61,233,8,3,32.9,1
2023-08-22,32.9,25.5,29.4,80,8.8,16.9,1004.7,57,234,8,3,33.5,1
2023-08-23,33.5,26.2,29.2,82,5.6,17.9,1004.9,69,235,8,3,33.7,1
2023-08-24,33.7,26.5,29.5,82,1.2,19.2,1004.4,91,236,8,3,35.1,1
2023-08-25,35.1,26.9,30.0,75,0.1,20.1,1004.6,88,237,8,3,34.3,1
2023-08-26,34.3,27.4,29.8,75,7.2,20.2,1005.9,80,238,8,3,33.0,1
2023-08-27,33.0,25.7,29.1,80,12.4,16.7,1006.6,100,239,8,3,34.9,1
2023-08-28,34.9,26.7,30.1,72,18.7,18.9,1005.5,93,240,8,3,34.2,1
2023-08-29,34.2,25.5,29.2,77,8.6,17.0,1005.1,99,241,8,3,34.3,1
2023-08-30,34.3,25.1,29.1,75,8.3,21.0,1005.5,52,242,8,3,34.7,1
2023-08-31,34.7,24.7,29.2,76,3.6,16.9,1005.5,67,243,8,3,33.4,1
2023-09-01,33.4,25.5,29.1,79,3.5,21.4,1005.5,48,244,9,3,34.1,1
2023-09-02,34.1,26.8,30.0,76,2.3,18.0,1004.7,41,245,9,3,34.0,1
2023-09-03,34.0,25.9,28.8,75,1.5,17.7,1003.6,100,246,9,3,32.2,1
2023-09-04,32.2,25.4,28.7,72,5.5,24.6,1001.8,100,247,9,3,32.3,1
2023-09-05,32.3,25.7,27.9,71,0.1,26.5,1002.1,100,248,9,3,33.0,1
2023-09-06,33.0,26.0,29.1,71,6.4,19.3,1002.8,100,249,9,3,33.7,1
2023-09-07,33.7,26.0,29.0,74,18.7,18.0,1003.9,98,250,9,3,33.8,1
2023-09-08,33.8,25.9,29.4,75,2.3,23.5,1004.7,95,251,9,3,34.2,1
2023-09-09,34.2,26.4,29.9,71,0.4,18.6,1004.1,76,252,9,3,34.1,0
2023-09-10,34.1,27.3,30.1,67,0.0,15.2,1003.5,93,253,9,3,34.9,0
2023-09-11,34.9,27.2,30.0,69,0.0,19.1,1003.7,93,254,9,3,35.3,1
2023-09-12,35.3,26.8,29.5,68,5.6,18.9,1004.2,100,255,9,3,35.2,1
2023-09-13,35.2,26.5,30.1,68,0.6,20.9,1004.1,99,256,9,3,36.1,1
2023-09-14,36.1,26.0,29.8,68,2.5,23.0,1004.5,99,257,9,3,34.8,1
2023-09-15,34.8,25.7,29.3,74,0.9,19.1,1005.0,88,258,9,3,33.9,1
2023-09-16,33.9,26.0,28.8,79,16.7,23.2,1005.4,99,259,9,3,32.6,1
2023-09-17,32.6,25.6,27.7,84,4.9,21.6,1004.9,82,260,9,3,33.1,1
2023-09-18,33.1,25.0,27.9,84,4.2,18.4,1004.7,98,261,9,3,33.7,1
2023-09-19,33.7,25.2,28.9,76,0.3,15.7,1005.6,99,262,9,3,34.0,1
2023-09-20,34.0,26.0,29.2,75,0.2,15.1,1006.0,100,263,9,3,32.0,1
2023-09-21,32.0,25.6,28.5,83,5.1,16.1,1006.6,87,264,9,3,32.8,1
2023-09-22,32.8,25.5,28.9,81,2.6,17.3,1006.5,87,265,9,3,32.1,1
2023-09-23,32.1,25.4,28.8,82,17.3,18.5,1006.6,57,266,9,3,33.8,1
2023-09-24,33.8,24.6,28.2,83,18.6,17.1,1006.2,92,267,9,3,33.2,1
2023-09-25,33.2,25.0,28.6,82,9.2,14.2,1005.0,71,268,9,3,32.8,1
2023-09-26,32.8,24.8,27.8,83,21.7,18.4,1005.1,80,269,9,3,33.1,1
2023-09-27,33.1,25.0,28.0,83,5.3,13.0,1005.0,75,270,9,3,33.7,1
2023-09-28,33.7,25.7,28.8,78,8.2,16.7,1004.5,86,271,9,3,33.0,1
2023-09-29,33.0,26.3,28.5,80,9.8,18.5,1005.0,83,272,9,3,32.4,1
2023-09-30,32.4,25.7,28.7,80,2.7,18.6,1005.6,91,273,9,3,32.7,1
2023-10-01,32.7,26.2,29.1,75,2.7,17.8,1005.2,92,274,10,4,33.4,1
2023-10-02,33.4,26.5,29.6,73,0.3,21.2,1005.5,87,275,10,4,34.5,1
2023-10-03,34.5,26.7,29.9,71,0.1,18.8,1006.2,66,276,10,4,33.9,1
2023-10-04,33.9,26.3,29.1,78,10.0,14.2,1006.8,83,277,10,4,34.4,1
2023-10-05,34.4,25.2,28.7,78,5.5,18.1,1006.6,45,278,10,4,34.2,1
2023-10-06,34.2,26.1,28.9,77,3.1,17.8,1005.8,70,279,10,4,33.1,1
2023-10-07,33.1,26.0,29.1,85,2.6,15.5,1006.5,64,280,10,4,32.7,0
2023-10-08,32.7,25.9,29.0,84,0.0,16.4,1008.2,31,281,10,4,32.4,1
2023-10-09,32.4,26.2,28.9,84,1.4,16.3,1009.5,39,282,10,4,32.3,1
2023-10-10,32.3,25.3,28.5,85,0.6,13.5,1008.8,48,283,10,4,32.0,1
2023-10-11,32.0,23.9,28.2,85,0.2,11.8,1008.7,51,284,10,4,31.2,1
2023-10-12,31.2,25.4,28.3,85,0.4,11.6,1009.9,77,285,10,4,30.2,1
2023-10-13,30.2,24.7,27.6,85,1.8,10.5,1010.9,81,286,10,4,29.2,1
2023-10-14,29.2,23.8,26.7,87,22.5,11.0,1010.7,95,287,10,4,29.1,1
2023-10-15,29.1,24.9,27.2,85,2.6,9.8,1009.3,89,288,10,4,29.6,1
2023-10-16,29.6,24.9,27.1,86,12.6,10.9,1009.3,96,289,10,4,31.5,1
2023-10-17,31.5,25.0,28.2,79,0.2,15.5,1010.0,53,290,10,4,31.2,1
2023-10-18,31.2,25.0,28.4,73,0.1,15.6,1010.6,65,291,10,4,31.9,1
2023-10-19,31.9,24.7,28.1,76,0.1,18.8,1010.5,47,292,10,4,31.6,1
2023-10-20,31.6,24.6,28.1,76,0.2,14.8,1010.4,54,293,10,4,31.3,1
2023-10-21,31.3,24.3,27.4,82,4.8,21.5,1010.8,97,294,10,4,31.7,1
2023-10-22,31.7,25.0,28.1,77,2.4,18.6,1010.3,90,295,10,4,33.7,1
2023-10-23,33.7,24.0,27.8,70,0.3,18.6,1009.6,84,296,10,4,33.3,1
2023-10-24,33.3,23.2,27.8,68,0.1,17.9,1009.7,60,297,10,4,33.9,1
2023-10-25,33.9,23.7,28.0,74,0.4,15.6,1010.8,15,298,10,4,30.6,1
2023-10-26,30.6,23.9,27.6,79,1.4,18.2,1011.1,33,299,10,4,30.7,1
2023-10-27,30.7,24.6,27.7,80,1.9,16.3,1010.0,51,300,10,4,30.2,1
2023-10-28,30.2,24.5,27.4,80,4.8,14.9,1010.2,65,301,10,4,29.8,1
2023-10-29,29.8,24.4,27.6,78,5.7,18.0,1010.1,91,302,10,4,30.0,1
2023-10-30,30.0,24.3,26.7,84,8.9,16.4,1010.1,93,303,10,4,31.0,1
2023-10-31,31.0,25.1,27.9,76,1.5,20.7,1010.2,88,304,10,4,30.4,1
2023-11-01,30.4,25.2,27.4,81,13.4,21.8,1010.5,96,305,11,4,29.2,1
2023-11-02,29.2,24.2,26.6,86,10.7,15.8,1009.8,95,306,11,4,29.1,1
2023-11-03,29.1,24.3,26.3,87,14.2,16.5,1008.6,100,307,11,4,27.7,1
2023-11-04,27.7,24.7,25.7,89,34.6,14.5,1008.9,100,308,11,4,28.8,1
2023-11-05,28.8,23.9,25.7,91,22.2,11.1,1010.0,100,309,11,4,29.1,1
2023-11-06,29.1,23.8,26.1,89,14.9,15.5,1011.0,99,310,11,4,28.9,1
2023-11-07,28.9,24.2,26.2,88,13.8,16.6,1011.1,93,311,11,4,28.8,1
2023-11-08,28.8,24.3,26.0,89,13.5,17.2,1010.8,92,312,11,4,28.6,1
2023-11-09,28.6,23.5,25.7,89,12.8,15.7,1011.3,99,313,11,4,30.0,1
2023-11-10,30.0,23.3,27.3,80,1.6,18.8,1012.2,57,314,11,4,30.0,0
2023-11-11,30.0,25.3,27.7,71,0.0,21.9,1012.4,77,315,11,4,29.9,0
2023-11-12,29.9,25.3,27.7,69,0.0,21.7,1012.3,84,316,11,4,29.9,1
2023-11-13,29.9,24.9,27.3,75,3.8,23.7,1011.5,96,317,11,4,27.7,1
2023-11-14,27.7,22.6,25.5,87,51.8,24.3,1010.8,100,318,11,4,25.1,1
2023-11-15,25.1,23.4,24.2,90,35.4,22.6,1010.5,100,319,11,4,29.4,1
2023-11-16,29.4,23.2,26.5,83,1.0,19.3,1010.5,99,320,11,4,29.5,1
2023-11-17,29.5,24.3,27.4,82,2.2,21.2,1010.7,84,321,11,4,29.7,1
2023-11-18,29.7,25.4,27.5,81,1.1,21.0,1010.7,82,322,11,4,29.7,1
2023-11-19,29.7,25.3,27.3,79,0.2,19.7,1011.0,90,323,11,4,27.2,1
2023-11-20,27.2,24.8,25.6,89,16.9,21.2,1010.2,96,324,11,4,27.5,1
2023-11-21,27.5,24.2,25.5,92,25.3,14.8,1009.8,100,325,11,4,28.2,1
2023-11-22,28.2,23.8,26.0,89,4.3,11.6,1009.6,99,326,11,4,26.6,1
2023-11-23,26.6,24.7,25.7,87,10.8,12.1,1009.5,97,327,11,4,28.0,1
2023-11-24,28.0,24.2,25.8,88,26.3,16.2,1009.7,96,328,11,4,28.6,1
2023-11-25,28.6,23.9,26.4,85,5.1,19.4,1011.0,77,329,11,4,29.1,1
2023-11-26,29.1,23.4,26.5,84,15.8,22.7,1011.8,92,330,11,4,29.7,1
2023-11-27,29.7,24.0,26.8,83,3.2,16.9,1010.3,47,331,11,4,28.9,1
2023-11-28,28.9,23.3,25.7,87,6.4,19.2,1009.8,87,332,11,4,27.5,1
2023-11-29,27.5,23.1,25.0,89,13.7,19.2,1010.2,100,333,11,4,26.7,1
2023-11-30,26.7,23.9,25.1,90,13.5,15.0,1010.6,98,334,11,4,29.4,1
2023-12-01,29.4,23.4,26.5,83,3.3,24.2,1009.3,88,335,12,4,27.2,1
2023-12-02,27.2,24.4,25.5,88,25.3,27.5,1007.3,100,336,12,4,26.1,1
2023-12-03,26.1,24.1,24.9,92,54.0,34.4,1005.1,100,337,12,4,25.2,1
2023-12-04,25.2,23.8,24.3,90,255.8,50.1,998.4,100,338,12,4,31.0,1
2023-12-05,31.0,23.5,26.6,80,14.3,26.0,1004.5,100,339,12,4,30.1,1
2023-12-06,30.1,23.1,26.0,89,17.1,15.6,1007.9,82,340,12,4,28.9,1
2023-12-07,28.9,23.5,25.5,90,5.6,13.4,1009.2,85,341,12,4,28.7,1
2023-12-08,28.7,23.7,26.2,86,1.5,14.4,1010.2,64,342,12,4,29.5,1
2023-12-09,29.5,24.3,26.8,83,0.3,17.3,1011.1,68,343,12,4,29.0,0
2023-12-10,29.0,24.6,26.7,78,0.0,18.9,1010.6,41,344,12,4,28.2,1
2023-12-11,28.2,25.0,26.4,77,0.6,17.1,1011.2,54,345,12,4,28.1,1
2023-12-12,28.1,23.5,25.6,75,1.4,18.2,1010.6,90,346,12,4,27.6,1
2023-12-13,27.6,22.4,25.2,74,0.4,20.0,1011.3,70,347,12,4,29.0,1
2023-12-14,29.0,23.9,26.2,68,0.4,22.2,1012.4,46,348,12,4,26.4,1
2023-12-15,26.4,24.7,25.6,84,6.1,23.4,1012.4,94,349,12,4,28.3,1
2023-12-16,28.3,24.3,26.2,82,3.2,22.6,1011.7,71,350,12,4,28.0,1
2023-12-17,28.0,24.3,26.2,81,3.1,23.9,1011.4,93,351,12,4,27.5,1
2023-12-18,27.5,24.9,26.0,76,0.3,24.8,1012.5,88,352,12,4,27.8,0
2023-12-19,27.8,23.8,26.1,68,0.0,23.0,1013.1,44,353,12,4,28.0,0
2023-12-20,28.0,24.8,26.2,72,0.0,21.7,1013.0,34,354,12,4,28.1,0
2023-12-21,28.1,24.1,25.8,74,0.0,20.2,1012.7,33,355,12,4,27.8,0
2023-12-22,27.8,22.8,24.9,77,0.0,17.9,1013.0,30,356,12,4,27.7,0
2023-12-23,27.7,20.9,24.3,76,0.0,14.8,1013.8,69,357,12,4,28.4,1
2023-12-24,28.4,21.7,25.4,77,0.4,24.7,1014.6,54,358,12,4,28.0,1
2023-12-25,28.0,24.0,25.6,85,3.4,23.4,1014.1,53,359,12,4,27.9,1
2023-12-26,27.9,21.3,24.9,80,0.1,23.1,1014.2,29,360,12,4,28.2,1
2023-12-27,28.2,23.4,25.9,74,0.3,22.9,1014.5,36,361,12,4,28.4,1
2023-12-28,28.4,24.3,26.0,80,2.0,22.7,1013.2,56,362,12,4,28.4,1
2023-12-29,28.4,24.3,25.9,81,2.0,23.9,1013.4,97,363,12,4,28.3,1
2023-12-30,28.3,23.9,25.6,77,0.9,18.8,1013.1,32,364,12,4,28.1,1
2023-12-31,28.1,23.3,25.5,74,0.2,17.6,1012.7,40,365,12,4,28.7,0
2024-01-01,28.7,22.9,25.5,71,0.0,17.1,1013.0,57,1,1,1,27.8,0
2024-01-02,27.8,23.0,25.5,70,0.0,16.5,1012.2,89,2,1,1,28.2,0
2024-01-03,28.2,23.7,26.1,69,0.0,16.9,1011.6,58,3,1,1,29.0,1
2024-01-04,29.0,24.7,26.3,71,1.0,19.4,1011.5,90,4,1,1,29.0,1
2024-01-05,29.0,24.5,26.5,71,0.3,16.9,1011.4,73,5,1,1,28.3,1
2024-01-06,28.3,24.1,26.1,78,2.7,23.4,1011.4,85,6,1,1,26.6,1
2024-01-07,26.6,24.1,25.4,83,20.3,23.8,1011.8,94,7,1,1,26.8,1
2024-01-08,26.8,24.0,25.3,86,25.5,23.7,1012.3,99,8,1,1,28.4,1
2024-01-09,28.4,25.4,26.5,75,0.1,20.7,1012.7,83,9,1,1,28.2,0
2024-01-10,28.2,24.6,26.1,78,0.0,18.3,1012.3,84,10,1,1,28.2,0
2024-01-11,28.2,23.9,25.9,78,0.0,16.4,1012.8,66,11,1,1,28.4,0
2024-01-12,28.4,23.4,25.8,80,0.0,14.5,1012.8,58,12,1,1,28.5,1
2024-01-13,28.5,22.1,25.2,85,0.2,14.7,1013.1,66,13,1,1,28.4,1
2024-01-14,28.4,20.7,24.7,84,0.3,12.6,1012.5,38,14,1,1,28.4,0
2024-01-15,28.4,21.5,24.8,78,0.0,11.7,1012.1,67,15,1,1,28.1,0
2024-01-16,28.1,20.5,24.3,72,0.0,10.1,1011.0,8,16,1,1,28.1,0
2024-01-17,28.1,20.5,24.2,77,0.0,13.2,1010.7,26,17,1,1,28.5,0
2024-01-18,28.5,20.6,25.0,79,0.0,11.6,1011.1,21,18,1,1,28.6,1
2024-01-19,28.6,22.2,25.3,83,0.1,13.8,1011.3,17,19,1,1,28.7,0
2024-01-20,28.7,23.9,26.0,78,0.0,14.6,1012.5,19,20,1,1,29.1,0
2024-01-21,29.1,22.2,25.4,80,0.0,12.6,1012.5,62,21,1,1,28.6,0
2024-01-22,28.6,22.0,25.0,81,0.0,12.9,1013.5,53,22,1,1,29.0,0
2024-01-23,29.0,22.5,25.8,76,0.0,15.3,1013.1,25,23,1,1,29.4,0
2024-01-24,29.4,22.3,25.8,76,0.0,16.9,1012.6,47,24,1,1,29.2,0
2024-01-25,29.2,21.3,25.5,78,0.0,15.3,1013.5,58,25,1,1,29.1,1
2024-01-26,29.1,22.1,25.6,77,1.0,14.8,1015.2,18,26,1,1,29.3,1
2024-01-27,29.3,24.0,26.3,74,0.3,16.6,1015.2,80,27,1,1,28.9,1
2024-01-28,28.9,23.3,26.1,74,0.2,17.0,1015.0,55,28,1,1,28.7,0
2024-01-29,28.7,22.9,25.6,68,0.0,16.9,1014.6,83,29,1,1,29.8,0
2024-01-30,29.8,20.5,25.2,72,0.0,18.8,1013.5,53,30,1,1,29.4,0
2024-01-31,29.4,22.2,26.2,75,0.0,13.8,1013.2,40,31,1,1,29.2,1
2024-02-01,29.2,23.9,26.6,82,0.6,14.4,1013.1,94,32,2,1,29.9,1
2024-02-02,29.9,23.5,26.8,81,0.3,15.0,1012.8,94,33,2,1,29.8,0
2024-02-03,29.8,23.5,26.3,79,0.0,12.6,1013.6,74,34,2,1,30.0,0
2024-02-04,30.0,22.6,26.2,77,0.0,13.4,1015.1,48,35,2,1,29.8,0
2024-02-05,29.8,22.1,25.8,78,0.0,13.6,1015.3,28,36,2,1,29.8,0
2024-02-06,29.8,21.6,25.7,79,0.0,13.7,1014.7,14,37,2,1,30.3,0
2024-02-07,30.3,21.5,25.1,82,0.0,12.8,1014.1,27,38,2,1,31.0,0
2024-02-08,31.0,21.0,25.3,81,0.0,12.3,1013.0,48,39,2,1,30.1,1
2024-02-09,30.1,22.3,26.2,80,0.1,14.4,1013.8,36,40,2,1,30.9,1
2024-02-10,30.9,24.4,27.5,71,0.1,16.2,1015.0,30,41,2,1,30.0,1
2024-02-11,30.0,24.0,26.9,71,0.1,19.2,1015.5,35,42,2,1,29.6,0
2024-02-12,29.6,22.1,26.3,70,0.0,17.2,1015.1,70,43,2,1,30.2,1
2024-02-13,30.2,24.0,27.1,73,1.1,19.6,1014.3,67,44,2,1,30.5,1
2024-02-14,30.5,24.6,27.2,77,0.1,16.8,1013.5,50,45,2,1,29.8,0
2024-02-15,29.8,22.9,26.4,78,0.0,15.8,1013.6,77,46,2,1,30.5,0
2024-02-16,30.5,23.7,26.9,75,0.0,17.4,1013.9,16,47,2,1,31.1,0
2024-02-17,31.1,22.4,26.5,78,0.0,16.1,1012.5,7,48,2,1,30.6,0
2024-02-18,30.6,21.9,25.8,82,0.0,15.1,1011.8,53,49,2,1,31.7,0
2024-02-19,31.7,22.1,26.9,77,0.0,18.4,1012.1,41,50,2,1,30.9,1
2024-02-20,30.9,23.3,26.7,78,0.1,16.8,1011.7,9,51,2,1,32.2,0
2024-02-21,32.2,23.2,27.3,80,0.0,20.8,1010.2,28,52,2,1,31.9,1
2024-02-22,31.9,24.0,27.6,81,1.2,23.8,1010.0,56,53,2,1,33.4,1
2024-02-23,33.4,25.6,28.5,78,0.9,25.6,1009.6,47,54,2,1,30.8,1
2024-02-24,30.8,26.0,28.1,75,0.1,21.4,1010.2,38,55,2,1,30.7,0
2024-02-25,30.7,25.5,28.0,69,0.0,16.2,1010.4,14,56,2,1,30.9,1
2024-02-26,30.9,25.8,28.1,67,1.0,20.5,1011.2,61,57,2,1,30.9,0
2024-02-27,30.9,25.1,27.6,76,0.0,19.5,1011.7,85,58,2,1,31.5,0
2024-02-28,31.5,23.8,26.9,78,0.0,16.3,1011.1,65,59,2,1,32.0,0
2024-02-29,32.0,22.1,27.0,79,0.0,14.2,1011.3,82,60,2,1,32.0,0
2024-03-01,32.0,23.6,27.5,79,0.0,14.8,1012.1,56,61,3,2,33.0,0
2024-03-02,33.0,22.9,27.5,75,0.0,18.0,1011.4,87,62,3,2,31.6,0
2024-03-03,31.6,24.0,27.6,76,0.0,18.6,1010.7,17,63,3,2,30.8,1
2024-03-04,30.8,22.3,26.8,77,0.1,17.2,1010.7,51,64,3,2,31.3,0
2024-03-05,31.3,22.9,27.2,75,0.0,16.4,1010.6,66,65,3,2,32.7,0
2024-03-06,32.7,23.2,27.4,77,0.0,20.8,1010.4,63,66,3,2,34.1,0
2024-03-07,34.1,23.5,28.3,72,0.0,21.7,1009.4,55,67,3,2,32.1,0
2024-03-08,32.1,23.8,28.0,79,0.0,22.0,1009.7,14,68,3,2,32.8,0
2024-03-09,32.8,24.3,28.4,80,0.0,21.3,1010.2,33,69,3,2,32.7,0
2024-03-10,32.7,24.6,28.5,75,0.0,18.1,1012.1,8,70,3,2,32.7,0
2024-03-11,32.7,24.7,28.5,74,0.0,18.3,1013.1,16,71,3,2,33.4,0
2024-03-12,33.4,24.2,28.3,76,0.0,21.8,1012.1,29,72,3,2,33.8,0
2024-03-13,33.8,24.8,28.7,77,0.0,25.8,1010.6,52,73,3,2,33.6,0
2024-03-14,33.6,24.8,28.6,76,0.0,22.0,1010.4,17,74,3,2,32.6,1
2024-03-15,32.6,24.6,28.5,73,0.3,23.3,1009.8,22,75,3,2,32.2,1
2024-03-16,32.2,25.9,28.9,74,0.4,24.2,1010.5,18,76,3,2,31.9,1
2024-03-17,31.9,25.4,28.3,75,0.3,19.9,1011.0,11,77,3,2,32.8,0
2024-03-18,32.8,24.8,28.2,75,0.0,19.9,1010.5,8,78,3,2,32.5,0
2024-03-19,32.5,24.8,28.2,76,0.0,16.9,1009.9,5,79,3,2,32.2,0
2024-03-20,32.2,24.8,28.4,72,0.0,18.7,1010.1,13,80,3,2,30.4,1
2024-03-21,30.4,26.2,28.1,74,3.5,17.4,1010.4,23,81,3,2,31.9,1
2024-03-22,31.9,24.9,28.3,74,0.2,15.2,1008.7,12,82,3,2,33.1,0
2024-03-23,33.1,23.9,28.5,74,0.0,18.2,1008.4,12,83,3,2,32.6,0
2024-03-24,32.6,24.3,28.3,75,0.0,20.6,1010.2,72,84,3,2,31.9,0
2024-03-25,31.9,23.8,27.7,77,0.0,16.5,1010.5,28,85,3,2,31.9,0
2024-03-26,31.9,23.7,27.8,72,0.0,20.5,1011.1,8,86,3,2,32.8,0
2024-03-27,32.8,23.8,28.4,74,0.0,18.2,1012.4,21,87,3,2,33.7,0
2024-03-28,33.7,23.6,28.5,76,0.0,20.2,1010.2,23,88,3,2,34.1,0
2024-03-29,34.1,25.1,29.3,76,0.0,23.1,1009.3,31,89,3,2,34.7,0
2024-03-30,34.7,24.6,29.0,73,0.0,22.3,1010.2,46,90,3,2,33.6,0
2024-03-31,33.6,24.5,28.9,77,0.0,22.3,1011.1,51,91,3,2,33.7,1
2024-04-01,33.7,25.3,29.3,77,0.1,22.3,1008.6,17,92,4,2,34.8,0
2024-04-02,34.8,26.0,29.9,77,0.0,24.9,1006.9,45,93,4,2,35.1,0
2024-04-03,35.1,26.7,30.1,76,0.0,25.9,1007.5,14,94,4,2,34.9,0
2024-04-04,34.9,26.7,30.2,78,0.0,24.3,1007.8,39,95,4,2,35.0,0
2024-04-05,35.0,26.3,29.9,79,0.0,23.4,1007.2,85,96,4,2,36.5,0
2024-04-06,36.5,26.2,30.4,76,0.0,23.8,1006.1,68,97,4,2,36.9,0
2024-04-07,36.9,25.8,30.3,76,0.0,24.0,1005.8,59,98,4,2,36.2,0
2024-04-08,36.2,26.5,30.2,75,0.0,23.3,1007.4,37,99,4,2,33.3,0
2024-04-09,33.3,25.9,29.5,74,0.0,16.9,1008.7,21,100,4,2,33.7,0
2024-04-10,33.7,26.4,30.0,69,0.0,16.1,1008.7,31,101,4,2,33.4,0
2024-04-11,33.4,26.5,30.1,70,0.0,20.0,1009.0,46,102,4,2,33.3,0
2024-04-12,33.3,28.1,30.3,73,0.0,18.8,1008.8,40,103,4,2,34.0,1
2024-04-13,34.0,26.4,30.0,75,0.5,16.3,1008.8,74,104,4,2,33.5,0
2024-04-14,33.5,25.7,29.6,76,0.0,15.6,1009.3,48,105,4,2,34.2,0
2024-04-15,34.2,25.0,29.4,76,0.0,16.3,1009.7,91,106,4,2,34.8,0
2024-04-16,34.8,25.2,29.7,73,0.0,22.7,1008.5,70,107,4,2,36.2,0
2024-04-17,36.2,26.0,30.4,74,0.0,26.9,1007.2,72,108,4,2,37.0,0
2024-04-18,37.0,26.6,30.8,76,0.0,24.1,1005.9,77,109,4,2,36.1,0
2024-04-19,36.1,27.8,31.0,77,0.0,25.9,1004.5,30,110,4,2,35.8,1
2024-04-20,35.8,28.1,31.0,80,0.2,25.5,1004.4,85,111,4,2,35.5,0
2024-04-21,35.5,27.6,30.8,79,0.0,27.5,1005.3,67,112,4,2,35.6,0
2024-04-22,35.6,26.9,30.6,79,0.0,24.2,1006.0,37,113,4,2,34.7,0
2024-04-23,34.7,26.3,30.1,75,0.0,21.4,1005.6,54,114,4,2,35.6,0
2024-04-24,35.6,25.8,30.3,78,0.0,22.2,1005.1,67,115,4,2,34.8,0
2024-04-25,34.8,27.0,30.4,77,0.0,22.8,1005.4,43,116,4,2,34.6,0
2024-04-26,34.6,26.5,30.4,77,0.0,23.5,1005.3,46,117,4,2,34.7,0
2024-04-27,34.7,26.0,30.1,76,0.0,22.8,1005.5,21,118,4,2,35.6,0
2024-04-28,35.6,26.5,30.6,77,0.0,24.0,1005.7,47,119,4,2,35.5,0
2024-04-29,35.5,27.6,31.0,79,0.0,23.4,1006.7,53,120,4,2,35.7,0
2024-04-30,35.7,28.0,31.3,78,0.0,27.6,1005.3,74,121,4,2,37.8,0
2024-05-01,37.8,28.7,32.4,74,0.0,28.0,1002.7,99,122,5,2,38.3,0
2024-05-02,38.3,29.8,32.8,70,0.0,32.8,1002.8,85,123,5,2,38.5,0
2024-05-03,38.5,28.0,32.2,71,0.0,29.8,1003.8,84,124,5,2,37.4,0
2024-05-04,37.4,29.3,32.5,74,0.0,30.0,1004.4,73,125,5,2,36.4,0
2024-05-05,36.4,29.5,32.4,75,0.0,30.2,1003.2,20,126,5,2,37.1,0
2024-05-06,37.1,29.8,32.6,74,0.0,32.6,1003.9,27,127,5,2,36.9,1
2024-05-07,36.9,29.8,32.2,73,0.1,24.8,1005.9,43,128,5,2,33.5,1
2024-05-08,33.5,26.8,30.4,74,2.2,18.9,1006.5,83,129,5,2,32.9,1
2024-05-09,32.9,27.0,30.3,78,2.8,21.4,1005.7,70,130,5,2,32.7,1
2024-05-10,32.7,27.5,30.0,77,7.0,19.6,1006.5,40,131,5,2,34.2,1
2024-05-11,34.2,25.6,30.4,76,0.6,19.9,1007.3,29,132,5,2,33.4,1
2024-05-12,33.4,29.4,31.2,73,3.2,19.3,1007.0,52,133,5,2,33.1,1
2024-05-13,33.1,26.3,30.0,77,8.4,15.6,1006.5,69,134,5,2,33.7,1
2024-05-14,33.7,27.6,30.8,76,0.9,17.1,1006.2,93,135,5,2,34.0,1
2024-05-15,34.0,27.1,30.3,78,2.9,20.1,1006.8,100,136,5,2,29.6,1
2024-05-16,29.6,25.9,28.3,83,19.4,14.9,1007.5,100,137,5,2,30.6,1
2024-05-17,30.6,26.5,28.8,81,1.6,18.9,1006.0,92,138,5,2,30.6,1
2024-05-18,30.6,26.1,28.8,83,6.6,14.9,1004.6,98,139,5,2,33.1,1
2024-05-19,33.1,26.2,29.2,81,9.5,17.6,1002.9,95,140,5,2,31.3,1
2024-05-20,31.3,26.7,28.6,84,13.9,16.6,1002.7,100,141,5,2,30.6,1
2024-05-21,30.6,26.6,28.4,86,24.0,14.5,1002.2,100,142,5,2,31.3,1
2024-05-22,31.3,25.7,28.5,86,21.3,18.6,1000.9,100,143,5,2,32.5,1
2024-05-23,32.5,26.6,29.2,85,24.7,14.1,1000.0,99,144,5,2,36.1,0
2024-05-24,36.1,26.6,31.2,76,0.0,22.6,998.7,98,145,5,2,36.1,1
2024-05-25,36.1,27.5,30.8,71,16.6,18.8,998.7,100,146,5,2,39.1,1
2024-05-26,39.1,28.1,32.8,56,0.6,21.6,999.0,100,147,5,2,40.9,1
2024-05-27,40.9,30.4,34.8,47,0.1,23.5,999.0,95,148,5,2,41.0,0
2024-05-28,41.0,30.1,34.3,52,0.0,23.2,999.9,98,149,5,2,40.7,0
2024-05-29,40.7,30.3,33.9,55,0.0,25.2,999.9,99,150,5,2,39.3,0
2024-05-30,39.3,29.8,33.7,64,0.0,21.0,1000.4,61,151,5,2,40.2,1
2024-05-31,40.2,29.0,33.4,64,21.9,21.1,1000.9,26,152,5,2,36.8,1
2024-06-01,36.8,27.8,32.7,72,1.0,27.0,1001.8,54,153,6,3,33.5,1
2024-06-02,33.5,27.1,29.6,79,22.0,18.7,1004.2,84,154,6,3,30.7,1
2024-06-03,30.7,27.1,29.1,81,9.4,14.4,1004.9,98,155,6,3,34.5,1
2024-06-04,34.5,26.9,30.0,80,9.6,11.2,1005.2,92,156,6,3,32.5,1
2024-06-05,32.5,26.3,28.7,84,35.5,24.6,1005.8,97,157,6,3,32.2,1
2024-06-06,32.2,26.1,27.9,87,28.1,18.9,1006.4,97,158,6,3,31.0,1
2024-06-07,31.0,25.9,28.1,85,5.1,16.2,1005.2,96,159,6,3,33.7,1
2024-06-08,33.7,26.7,29.4,78,2.1,23.4,1004.2,88,160,6,3,34.8,1
2024-06-09,34.8,27.0,30.2,72,0.5,21.3,1003.7,97,161,6,3,36.5,1
2024-06-10,36.5,27.5,30.4,70,7.0,25.9,1003.6,95,162,6,3,36.2,1
2024-06-11,36.2,27.7,30.7,64,10.4,17.4,1003.7,100,163,6,3,33.8,1
2024-06-12,33.8,26.8,30.0,66,0.6,20.5,1005.1,100,164,6,3,35.4,1
2024-06-13,35.4,27.5,30.8,62,0.1,20.2,1005.0,100,165,6,3,35.9,1
2024-06-14,35.9,27.6,30.7,64,0.1,22.7,1003.8,91,166,6,3,35.5,1
2024-06-15,35.5,27.2,30.5,65,2.3,16.4,1003.2,95,167,6,3,36.3,1
2024-06-16,36.3,27.1,30.9,70,0.2,17.3,1003.7,87,168,6,3,36.4,1
2024-06-17,36.4,27.6,31.0,66,0.3,20.6,1003.9,88,169,6,3,37.0,1
2024-06-18,37.0,27.3,31.0,68,0.7,19.1,1003.6,77,170,6,3,35.3,1
2024-06-19,35.3,25.6,29.3,75,16.6,23.2,1003.0,85,171,6,3,35.6,1
2024-06-20,35.6,25.6,29.9,70,2.1,16.2,1002.9,97,172,6,3,36.0,1
2024-06-21,36.0,27.4,30.1,65,5.6,19.1,1002.5,92,173,6,3,36.3,1
2024-06-22,36.3,27.9,31.3,61,0.2,19.6,1000.6,96,174,6,3,36.5,1
2024-06-23,36.5,27.6,31.0,64,0.9,18.9,1000.3,57,175,6,3,36.1,1
2024-06-24,36.1,27.9,30.8,64,0.2,24.3,999.9,85,176,6,3,35.2,1
2024-06-25,35.2,27.8,31.0,62,0.6,19.8,999.9,99,177,6,3,36.5,1
2024-06-26,36.5,28.8,31.5,59,0.5,21.1,1000.0,100,178,6,3,34.9,1
2024-06-27,34.9,27.1,31.0,60,1.0,25.9,1002.0,100,179,6,3,37.1,0
2024-06-28,37.1,28.5,31.5,60,0.0,24.2,1002.9,99,180,6,3,37.8,1
2024-06-29,37.8,27.7,31.5,65,2.1,21.1,1003.6,99,181,6,3,34.4,0
2024-06-30,34.4,28.2,30.5,73,0.0,21.6,1004.6,100,182,6,3,33.9,1
2024-07-01,33.9,26.5,30.0,71,2.0,18.4,1004.6,100,183,7,3,36.0,0
2024-07-02,36.0,27.7,30.7,64,0.0,17.9,1003.1,100,184,7,3,37.5,1
2024-07-03,37.5,27.4,31.3,64,4.2,16.9,1003.4,93,185,7,3,34.8,1
2024-07-04,34.8,26.6,30.0,66,2.6,15.2,1004.8,98,186,7,3,36.1,0
2024-07-05,36.1,27.0,30.6,67,0.0,23.8,1003.2,95,187,7,3,32.2,1
2024-07-06,32.2,26.1,28.8,74,2.2,14.5,1003.0,100,188,7,3,36.1,1
2024-07-07,36.1,26.7,29.8,68,1.2,18.0,1002.6,100,189,7,3,32.7,1
2024-07-08,32.7,26.5,28.9,73,11.6,15.8,1002.3,100,190,7,3,33.9,1
2024-07-09,33.9,25.8,28.9,75,5.2,17.6,1003.7,100,191,7,3,35.5,1
2024-07-10,35.5,27.0,30.3,69,0.2,15.9,1005.4,94,192,7,3,33.3,1
2024-07-11,33.3,26.1,29.3,73,1.0,15.5,1005.0,98,193,7,3,35.7,1
2024-07-12,35.7,27.3,30.3,70,2.6,23.4,1002.8,81,194,7,3,29.6,1
2024-07-13,29.6,25.6,27.9,80,8.0,17.3,1002.5,100,195,7,3,28.5,1
2024-07-14,28.5,25.4,27.0,84,8.9,14.6,1001.5,100,196,7,3,30.2,1
2024-07-15,30.2,25.2,26.9,85,8.2,19.5,1000.6,100,197,7,3,31.3,1
2024-07-16,31.3,25.5,27.3,81,2.8,21.8,1000.9,98,198,7,3,31.4,1
2024-07-17,31.4,25.8,28.5,73,0.1,20.9,1001.9,100,199,7,3,31.9,1
2024-07-18,31.9,27.1,28.9,70,1.1,23.4,1001.6,100,200,7,3,30.1,1
2024-07-19,30.1,26.2,27.7,74,0.5,22.6,1000.8,100,201,7,3,33.0,1
2024-07-20,33.0,25.9,28.6,70,0.1,25.5,1001.5,99,202,7,3,35.6,1
2024-07-21,35.6,27.0,30.2,62,2.6,21.9,1002.3,100,203,7,3,35.2,0
2024-07-22,35.2,27.4,30.9,57,0.0,24.9,1003.9,100,204,7,3,36.6,1
2024-07-23,36.6,27.0,31.2,58,0.1,27.4,1004.4,96,205,7,3,36.7,0
2024-07-24,36.7,28.0,31.6,55,0.0,28.9,1002.6,100,206,7,3,37.8,1
2024-07-25,37.8,27.8,31.5,55,1.1,30.3,1001.1,97,207,7,3,36.5,1
2024-07-26,36.5,27.5,31.2,57,4.6,27.8,1001.3,100,208,7,3,34.8,1
2024-07-27,34.8,28.4,31.5,53,0.3,30.4,1001.7,99,209,7,3,37.1,1
2024-07-28,37.1,28.0,31.5,49,0.1,26.6,1000.3,92,210,7,3,36.7,1
2024-07-29,36.7,26.7,30.8,62,5.8,22.1,1000.2,94,211,7,3,36.0,1
2024-07-30,36.0,26.9,30.4,66,1.5,19.5,1002.9,83,212,7,3,36.0,1
2024-07-31,36.0,27.0,30.4,63,1.5,17.3,1004.3,95,213,7,3,35.8,1
2024-08-01,35.8,28.1,30.6,62,2.6,23.5,1004.0,100,214,8,3,35.7,1
2024-08-02,35.7,27.4,29.8,68,4.5,19.8,1004.3,100,215,8,3,34.8,1
2024-08-03,34.8,26.3,29.6,71,7.7,15.8,1005.3,99,216,8,3,35.3,1
2024-08-04,35.3,26.6,29.8,72,0.2,13.8,1005.6,68,217,8,3,32.0,1
2024-08-05,32.0,24.7,28.0,82,0.8,15.0,1006.1,95,218,8,3,33.1,1
2024-08-06,33.1,25.0,28.4,79,19.1,18.4,1005.0,99,219,8,3,32.3,1
2024-08-07,32.3,24.9,27.7,82,8.8,13.0,1005.3,99,220,8,3,32.0,1
2024-08-08,32.0,25.5,28.0,81,10.9,12.6,1005.8,76,221,8,3,32.8,1
2024-08-09,32.8,24.9,27.9,84,20.9,19.2,1006.1,50,222,8,3,31.8,1
2024-08-10,31.8,24.6,27.9,84,4.1,14.3,1006.1,92,223,8,3,33.5,1
2024-08-11,33.5,25.0,28.5,82,16.2,13.8,1004.2,58,224,8,3,33.6,1
2024-08-12,33.6,24.6,28.4,82,11.4,15.3,1003.7,83,225,8,3,32.1,1
2024-08-13,32.1,25.6,28.6,80,0.5,16.7,1004.4,55,226,8,3,30.9,1
2024-08-14,30.9,26.0,28.6,84,1.0,13.5,1003.9,64,227,8,3,32.0,1
2024-08-15,32.0,26.1,28.8,82,1.6,18.7,1003.2,91,228,8,3,32.0,1
2024-08-16,32.0,26.9,29.1,79,0.9,20.6,1002.4,97,229,8,3,32.5,1
2024-08-17,32.5,26.0,29.2,79,0.1,15.0,1003.4,94,230,8,3,32.8,1
2024-08-18,32.8,26.1,29.1,79,1.6,15.0,1004.1,66,231,8,3,33.1,1
2024-08-19,33.1,27.2,29.4,78,1.7,21.4,1003.6,70,232,8,3,32.1,1
2024-08-20,32.1,25.7,28.6,81,4.7,22.3,1004.0,78,233,8,3,31.9,1
2024-08-21,31.9,26.7,29.0,76,1.0,24.0,1005.1,77,234,8,3,32.8,0
2024-08-22,32.8,26.6,29.2,71,0.0,26.2,1005.9,86,235,8,3,34.1,1
2024-08-23,34.1,26.6,29.8,74,0.1,22.7,1006.2,83,236,8,3,34.6,1
2024-08-24,34.6,27.0,30.2,69,0.2,22.8,1006.2,99,237,8,3,35.2,1
2024-08-25,35.2,27.2,30.6,62,0.4,19.4,1005.6,92,238,8,3,35.2,1
2024-08-26,35.2,27.9,30.7,58,1.0,23.3,1004.8,91,239,8,3,34.1,1
2024-08-27,34.1,26.5,29.6,68,5.1,16.2,1006.0,100,240,8,3,29.2,1
2024-08-28,29.2,25.7,27.4,78,5.1,12.4,1006.6,100,241,8,3,33.8,1
2024-08-29,33.8,24.8,27.6,78,8.9,22.6,1004.3,100,242,8,3,32.2,1
2024-08-30,32.2,25.8,28.0,75,5.0,22.4,1004.0,100,243,8,3,31.6,1
2024-08-31,31.6,25.5,28.5,71,0.3,19.4,1003.5,100,244,8,3,34.4,0
2024-09-01,34.4,26.6,29.6,67,0.0,19.8,1002.7,86,245,9,3,35.1,1
2024-09-02,35.1,25.9,29.6,70,2.5,19.4,1003.1,76,246,9,3,33.3,1
2024-09-03,33.3,25.3,28.6,79,5.1,14.5,1004.9,96,247,9,3,33.7,0
2024-09-04,33.7,26.1,28.9,75,0.0,17.2,1004.8,100,248,9,3,34.7,1
2024-09-05,34.7,26.8,29.5,70,0.7,18.8,1003.5,100,249,9,3,33.7,1
2024-09-06,33.7,25.1,28.6,77,17.3,19.3,1004.0,97,250,9,3,32.6,1
2024-09-07,32.6,25.7,29.2,71,2.9,17.6,1004.5,100,251,9,3,34.0,0
2024-09-08,34.0,27.1,29.8,65,0.0,21.5,1004.8,100,252,9,3,34.2,0
2024-09-09,34.2,27.3,29.9,66,0.0,24.4,1002.9,96,253,9,3,36.2,1
2024-09-10,36.2,27.6,30.5,66,1.1,21.6,1002.7,71,254,9,3,35.1,1
2024-09-11,35.1,27.7,30.2,66,1.2,23.5,1004.4,93,255,9,3,36.4,1
2024-09-12,36.4,27.3,30.2,66,0.8,18.8,1005.6,57,256,9,3,35.9,1
2024-09-13,35.9,26.8,30.3,70,0.1,17.4,1005.2,100,257,9,3,36.0,1
2024-09-14,36.0,26.9,30.7,68,0.5,20.0,1004.4,99,258,9,3,36.5,1
2024-09-15,36.5,26.7,30.7,67,3.6,16.8,1004.2,84,259,9,3,35.8,1
2024-09-16,35.8,26.9,30.7,63,0.4,19.2,1004.4,82,260,9,3,36.3,1
2024-09-17,36.3,27.6,30.8,63,0.6,17.1,1004.1,23,261,9,3,34.8,1
2024-09-18,34.8,26.9,30.0,70,1.5,13.8,1003.7,44,262,9,3,33.9,1
2024-09-19,33.9,25.3,29.3,73,2.0,18.3,1004.1,49,263,9,3,35.9,1
2024-09-20,35.9,26.5,30.5,67,0.4,14.7,1003.6,85,264,9,3,31.0,1
2024-09-21,31.0,25.6,28.5,77,3.9,17.0,1004.3,98,265,9,3,33.6,1
2024-09-22,33.6,25.1,28.3,79,12.9,15.7,1003.3,100,266,9,3,33.0,1
2024-09-23,33.0,24.8,28.5,81,15.5,13.3,1002.8,93,267,9,3,33.4,1
2024-09-24,33.4,25.6,28.9,78,12.4,15.5,1002.1,100,268,9,3,33.9,1
2024-09-25,33.9,25.7,28.7,81,11.2,16.3,1002.6,95,269,9,3,30.5,1
2024-09-26,30.5,26.6,28.2,84,0.8,14.7,1003.6,97,270,9,3,31.4,1
2024-09-27,31.4,25.5,28.3,84,7.8,17.3,1006.0,93,271,9,3,30.8,1
2024-09-28,30.8,24.3,27.6,85,14.1,14.6,1007.7,40,272,9,3,30.8,1
2024-09-29,30.8,24.5,27.7,84,0.7,16.3,1008.6,32,273,9,3,30.1,1
2024-09-30,30.1,25.1,27.5,85,0.9,14.3,1008.5,21,274,9,3,31.6,1
2024-10-01,31.6,25.6,28.3,80,0.6,17.3,1006.8,20,275,10,4,34.4,0
2024-10-02,34.4,25.5,29.5,76,0.0,19.2,1006.3,60,276,10,4,34.0,1
2024-10-03,34.0,26.4,29.5,75,1.6,15.0,1005.8,99,277,10,4,32.8,1
2024-10-04,32.8,26.5,29.0,78,2.2,18.3,1006.1,82,278,10,4,33.5,1
2024-10-05,33.5,25.5,28.9,78,0.1,14.5,1006.3,89,279,10,4,32.2,0
2024-10-06,32.2,25.5,28.6,80,0.0,13.3,1007.1,92,280,10,4,30.0,1
2024-10-07,30.0,25.6,27.9,80,1.4,12.3,1008.6,44,281,10,4,30.3,1
2024-10-08,30.3,24.8,27.7,81,1.4,13.2,1009.2,70,282,10,4,30.0,1
2024-10-09,30.0,25.0,27.6,82,2.0,14.9,1007.6,73,283,10,4,29.8,1
2024-10-10,29.8,24.3,27.1,84,16.5,14.8,1006.4,80,284,10,4,29.8,1
2024-10-11,29.8,24.6,27.4,83,7.4,14.2,1006.4,69,285,10,4,29.6,1
2024-10-12,29.6,25.2,27.4,82,3.3,15.8,1007.5,55,286,10,4,29.9,1
2024-10-13,29.9,24.1,27.3,83,2.5,13.8,1007.6,78,287,10,4,26.7,1
2024-10-14,26.7,24.3,25.6,92,69.2,24.2,1006.6,100,288,10,4,28.2,1
2024-10-15,28.2,24.7,26.1,90,63.4,19.5,1006.3,100,289,10,4,28.6,1
2024-10-16,28.6,23.9,25.8,90,39.7,14.5,1005.4,100,290,10,4,30.3,1
2024-10-17,30.3,23.9,27.2,85,3.2,10.5,1005.6,93,291,10,4,28.8,1
2024-10-18,28.8,24.4,26.8,88,11.6,14.1,1006.8,100,292,10,4,29.3,1
2024-10-19,29.3,24.1,26.8,87,8.0,10.8,1007.9,83,293,10,4,29.9,1
2024-10-20,29.9,24.5,27.1,86,5.8,13.5,1008.7,61,294,10,4,30.1,1
2024-10-21,30.1,25.4,27.7,83,1.6,10.9,1008.9,72,295,10,4,30.3,1
2024-10-22,30.3,24.3,27.2,86,1.0,12.6,1008.9,61,296,10,4,31.5,0
2024-10-23,31.5,24.1,27.5,82,0.0,12.9,1007.9,68,297,10,4,31.2,0
2024-10-24,31.2,25.1,27.6,79,0.0,12.7,1007.5,100,298,10,4,32.7,0
2024-10-25,32.7,24.0,27.9,75,0.0,12.9,1007.3,98,299,10,4,33.5,0
2024-10-26,33.5,24.2,28.3,71,0.0,13.1,1006.9,34,300,10,4,32.3,1
2024-10-27,32.3,24.1,28.0,74,0.6,11.2,1006.2,34,301,10,4,32.2,1
2024-10-28,32.2,24.3,27.7,76,1.7,11.8,1005.9,25,302,10,4,32.1,1
2024-10-29,32.1,24.6,28.3,81,1.1,12.7,1006.9,19,303,10,4,31.5,1
2024-10-30,31.5,25.5,27.8,83,4.8,13.1,1008.0,21,304,10,4,30.1,1
2024-10-31,30.1,25.1,27.3,86,1.9,13.9,1009.2,43,305,10,4,29.2,1
2024-11-01,29.2,24.8,26.7,85,5.9,11.8,1010.3,51,306,11,4,29.2,1
2024-11-02,29.2,24.2,26.7,85,4.4,9.9,1010.7,39,307,11,4,29.6,1
2024-11-03,29.6,23.7,26.6,85,3.7,17.3,1010.5,53,308,11,4,30.1,1
2024-11-04,30.1,23.5,26.9,80,1.2,14.2,1009.7,42,309,11,4,30.5,1
2024-11-05,30.5,23.9,27.3,73,0.1,19.1,1009.7,29,310,11,4,28.7,1
2024-11-06,28.7,24.6,26.0,85,14.9,18.8,1009.9,85,311,11,4,29.6,1
2024-11-07,29.6,24.0,26.9,83,2.6,20.7,1009.6,64,312,11,4,30.4,1
2024-11-08,30.4,26.1,28.1,75,0.2,20.1,1009.5,78,313,11,4,30.4,1
2024-11-09,30.4,24.7,27.5,74,1.0,21.8,1009.9,94,314,11,4,30.3,1
2024-11-10,30.3,24.3,27.3,74,1.5,23.2,1009.6,40,315,11,4,30.2,1
2024-11-11,30.2,24.0,26.8,80,4.4,27.2,1008.4,88,316,11,4,27.5,1
2024-11-12,27.5,24.0,25.5,92,42.4,13.1,1008.0,100,317,11,4,26.9,1
2024-11-13,26.9,24.0,25.6,92,33.1,13.5,1007.9,100,318,11,4,28.9,1
2024-11-14,28.9,24.3,26.0,89,12.6,15.4,1009.2,82,319,11,4,28.1,1
2024-11-15,28.1,24.1,26.0,89,16.9,13.5,1009.8,88,320,11,4,27.7,1
2024-11-16,27.7,24.0,26.1,88,11.2,13.9,1009.5,66,321,11,4,29.5,1
2024-11-17,29.5,24.0,27.0,80,2.5,19.3,1009.2,38,322,11,4,29.2,0
2024-11-18,29.2,25.8,27.2,74,0.0,18.6,1009.9,20,323,11,4,28.7,1
2024-11-19,28.7,25.4,26.8,73,0.5,19.4,1010.6,50,324,11,4,28.9,0
2024-11-20,28.9,25.0,26.7,71,0.0,16.8,1010.5,38,325,11,4,29.0,0
2024-11-21,29.0,25.2,26.6,69,0.0,17.3,1010.2,68,326,11,4,29.2,0
2024-11-22,29.2,23.1,26.3,72,0.0,18.2,1010.0,48,327,11,4,28.9,1
2024-11-23,28.9,23.5,26.4,79,1.1,18.0,1010.6,94,328,11,4,29.6,1
2024-11-24,29.6,25.5,27.0,74,0.1,18.1,1010.5,100,329,11,4,29.6,1
2024-11-25,29.6,24.3,26.6,75,1.3,23.0,1009.5,100,330,11,4,26.8,1
2024-11-26,26.8,23.6,25.0,90,22.5,19.6,1008.1,100,331,11,4,27.7,1
2024-11-27,27.7,24.5,26.4,75,5.4,26.8,1006.9,100,332,11,4,26.4,1
2024-11-28,26.4,23.9,25.2,82,21.0,27.5,1005.9,100,333,11,4,25.1,1
2024-11-29,25.1,23.3,24.3,91,25.6,23.3,1005.1,100,334,11,4,26.5,1
2024-11-30,26.5,23.9,25.2,92,158.4,48.7,1000.4,100,335,11,4,27.8,1
2024-12-01,27.8,24.8,26.1,87,25.3,28.6,1001.1,100,336,12,4,28.9,1
2024-12-02,28.9,25.3,26.8,85,10.2,20.4,1004.3,91,337,12,4,29.4,1
2024-12-03,29.4,24.6,27.0,85,4.0,13.9,1007.9,91,338,12,4,28.8,1
2024-12-04,28.8,24.8,26.8,87,3.5,10.7,1009.1,41,339,12,4,29.1,1
2024-12-05,29.1,23.7,26.0,89,0.8,11.5,1009.9,34,340,12,4,28.0,1
2024-12-06,28.0,24.2,26.2,90,1.8,11.4,1009.8,71,341,12,4,29.2,1
2024-12-07,29.2,24.1,26.6,84,0.4,10.8,1009.6,49,342,12,4,29.4,0
2024-12-08,29.4,23.8,26.8,79,0.0,9.8,1009.6,26,343,12,4,29.2,1
2024-12-09,29.2,23.3,26.5,83,1.0,12.2,1009.3,79,344,12,4,29.3,1
2024-12-10,29.3,24.7,26.9,79,0.2,17.9,1009.1,95,345,12,4,27.2,1
2024-12-11,27.2,24.1,25.6,87,16.1,24.9,1009.1,100,346,12,4,26.0,1
2024-12-12,26.0,23.8,25.0,90,47.9,18.8,1009.0,100,347,12,4,27.9,1
2024-12-13,27.9,25.2,26.3,78,2.1,20.1,1009.8,88,348,12,4,28.4,0
2024-12-14,28.4,24.6,26.2,70,0.0,19.5,1011.3,47,349,12,4,27.5,0
2024-12-15,27.5,24.3,25.6,68,0.0,22.4,1012.0,78,350,12,4,27.0,0
2024-12-16,27.0,22.7,24.8,71,0.0,20.4,1010.9,78,351,12,4,26.3,1
2024-12-17,26.3,22.1,23.9,80,8.2,22.9,1008.9,100,352,12,4,26.3,1
2024-12-18,26.3,22.0,24.0,91,24.1,20.5,1007.8,100,353,12,4,27.3,1
2024-12-19,27.3,23.5,25.2,90,7.0,17.4,1007.2,100,354,12,4,28.8,1
2024-12-20,28.8,24.0,25.9,88,15.9,19.1,1007.0,89,355,12,4,28.6,1
2024-12-21,28.6,24.1,26.0,87,1.5,16.0,1008.0,66,356,12,4,28.4,1
2024-12-22,28.4,24.1,25.8,85,0.2,16.2,1009.2,67,357,12,4,28.6,0
2024-12-23,28.6,23.1,25.7,83,0.0,20.0,1009.1,65,358,12,4,27.9,1
2024-12-24,27.9,23.5,25.2,85,7.6,18.4,1008.5,60,359,12,4,27.5,1
2024-12-25,27.5,23.1,24.8,88,2.8,19.2,1009.5,83,360,12,4,28.2,1
2024-12-26,28.2,24.5,26.2,88,10.1,19.7,1011.7,64,361,12,4,28.5,1
2024-12-27,28.5,23.7,26.2,80,4.1,22.2,1013.6,62,362,12,4,28.3,1
2024-12-28,28.3,24.9,26.4,78,0.2,15.0,1013.2,18,363,12,4,27.9,1
2024-12-29,27.9,24.3,26.0,79,1.0,19.6,1013.0,89,364,12,4,28.0,1
2024-12-30,28.0,23.8,25.8,84,3.5,19.9,1012.9,88,365,12,4,28.2,1
2024-12-31,28.2,24.5,26.1,81,0.1,18.7,1013.1,50,366,12,4,27.9,0
2025-01-01,27.9,23.7,25.7,79,0.0,16.7,1012.2,60,1,1,1,27.9,0
2025-01-02,27.9,23.2,25.4,72,0.0,15.9,1012.2,55,2,1,1,28.3,1
2025-01-03,28.3,22.9,25.4,69,0.1,18.4,1012.3,66,3,1,1,27.7,1
2025-01-04,27.7,21.6,24.8,72,0.1,12.9,1011.6,32,4,1,1,28.3,0
2025-01-05,28.3,21.4,24.9,71,0.0,12.2,1011.8,57,5,1,1,28.6,1
2025-01-06,28.6,21.7,25.2,70,0.5,11.1,1011.2,21,6,1,1,27.3,1
2025-01-07,27.3,22.8,25.0,77,2.3,14.7,1011.3,30,7,1,1,28.1,0
2025-01-08,28.1,21.4,25.2,66,0.0,17.9,1011.2,14,8,1,1,28.5,1
2025-01-09,28.5,24.4,26.1,61,0.1,19.3,1012.0,31,9,1,1,28.4,1
2025-01-10,28.4,23.6,25.9,72,1.0,20.2,1013.2,62,10,1,1,28.5,0
2025-01-11,28.5,24.6,26.3,67,0.0,19.5,1013.2,88,11,1,1,26.8,1
2025-01-12,26.8,24.1,25.4,75,1.4,16.7,1012.7,81,12,1,1,26.9,1
2025-01-13,26.9,23.6,25.4,84,4.6,19.2,1011.2,71,13,1,1,28.2,1
2025-01-14,28.2,24.6,26.1,75,0.3,19.8,1012.4,67,14,1,1,28.9,0
2025-01-15,28.9,25.2,26.6,69,0.0,20.8,1013.2,35,15,1,1,28.3,1
2025-01-16,28.3,24.8,26.1,67,0.1,19.3,1013.1,37,16,1,1,27.4,1
2025-01-17,27.4,23.7,25.5,70,0.4,20.1,1012.0,30,17,1,1,28.2,1
2025-01-18,28.2,23.1,25.4,72,2.1,20.5,1011.1,87,18,1,1,27.4,1
2025-01-19,27.4,23.3,25.2,85,12.1,20.0,1011.1,98,19,1,1,27.6,0
2025-01-20,27.6,23.2,25.1,78,0.0,18.0,1010.7,79,20,1,1,27.8,0
2025-01-21,27.8,22.4,25.0,72,0.0,12.1,1010.1,57,21,1,1,28.4,0
2025-01-22,28.4,22.4,25.3,74,0.0,14.8,1010.2,40,22,1,1,29.0,0
2025-01-23,29.0,22.6,25.7,72,0.0,11.8,1010.4,64,23,1,1,28.5,0
2025-01-24,28.5,21.7,25.1,70,0.0,14.1,1010.3,33,24,1,1,28.7,1
2025-01-25,28.7,21.5,24.9,73,0.1,14.5,1010.9,51,25,1,1,28.6,0
2025-01-26,28.6,19.9,24.6,78,0.0,12.0,1010.8,80,26,1,1,29.3,0
2025-01-27,29.3,20.8,25.1,77,0.0,10.8,1010.1,63,27,1,1,29.4,0
2025-01-28,29.4,22.0,25.8,70,0.0,11.4,1010.5,85,28,1,1,29.0,0
2025-01-29,29.0,22.1,25.9,66,0.0,15.8,1011.6,51,29,1,1,30.8,0
2025-01-30,30.8,23.1,26.3,73,0.0,15.2,1010.2,32,30,1,1,30.1,1
2025-01-31,30.1,23.0,26.6,81,0.4,14.1,1009.7,24,31,1,1,30.5,1
2025-02-01,30.5,23.9,26.9,80,1.1,11.4,1010.3,31,32,2,1,30.8,1
2025-02-02,30.8,23.0,26.4,75,0.4,13.5,1010.6,31,33,2,1,30.9,0
2025-02-03,30.9,20.4,25.7,74,0.0,12.4,1010.9,36,34,2,1,32.0,0
2025-02-04,32.0,20.8,26.1,75,0.0,10.9,1011.0,46,35,2,1,32.0,0
2025-02-05,32.0,22.7,26.7,72,0.0,12.2,1010.3,29,36,2,1,30.7,0
2025-02-06,30.7,22.5,26.6,72,0.0,10.6,1010.3,15,37,2,1,31.0,0
2025-02-07,31.0,22.0,26.1,77,0.0,11.6,1011.6,69,38,2,1,31.6,0
2025-02-08,31.6,22.0,26.5,76,0.0,12.2,1011.4,66,39,2,1,30.4,1
2025-02-09,30.4,22.2,26.5,76,0.2,12.3,1011.1,50,40,2,1,30.3,1
2025-02-10,30.3,23.8,27.1,65,0.1,13.0,1012.1,47,41,2,1,30.9,0
2025-02-11,30.9,23.1,26.7,66,0.0,13.3,1012.3,82,42,2,1,31.6,0
2025-02-12,31.6,21.4,26.2,73,0.0,12.2,1011.9,70,43,2,1,31.8,0
2025-02-13,31.8,21.1,25.9,73,0.0,12.2,1011.5,70,44,2,1,32.3,0
2025-02-14,32.3,20.7,25.9,74,0.0,12.4,1011.0,22,45,2,1,31.3,0
2025-02-15,31.3,21.9,26.4,76,0.0,14.4,1010.2,38,46,2,1,31.7,0
2025-02-16,31.7,22.9,26.9,72,0.0,13.4,1010.9,9,47,2,1,31.2,0
2025-02-17,31.2,23.2,27.0,73,0.0,13.0,1012.3,16,48,2,1,31.0,0
2025-02-18,31.0,22.7,26.7,72,0.0,14.1,1012.1,22,49,2,1,31.1,0
2025-02-19,31.1,21.8,26.6,74,0.0,13.5,1010.4,6,50,2,1,31.1,0
2025-02-20,31.1,22.8,27.0,72,0.0,12.6,1011.1,9,51,2,1,31.1,1
2025-02-21,31.1,23.8,27.1,73,0.3,11.9,1012.5,21,52,2,1,31.4,0
2025-02-22,31.4,23.6,27.2,74,0.0,14.5,1012.8,14,53,2,1,32.4,0
2025-02-23,32.4,23.5,27.5,73,0.0,12.7,1012.9,10,54,2,1,31.0,0
2025-02-24,31.0,23.5,27.3,76,0.0,15.7,1013.1,11,55,2,1,31.3,0
2025-02-25,31.3,24.1,27.9,69,0.0,17.1,1014.0,30,56,2,1,31.6,0
2025-02-26,31.6,25.4,28.2,69,0.0,19.1,1013.7,15,57,2,1,31.2,0
2025-02-27,31.2,24.9,27.9,70,0.0,16.7,1012.3,74,58,2,1,31.1,1
2025-02-28,31.1,25.2,28.0,71,0.1,17.8,1011.3,82,59,2,1,30.8,1
2025-03-01,30.8,25.8,28.2,74,0.4,16.3,1010.5,26,60,3,2,32.2,0
2025-03-02,32.2,25.6,28.4,74,0.0,13.0,1009.1,57,61,3,2,33.0,0
2025-03-03,33.0,24.7,28.3,77,0.0,14.9,1009.1,67,62,3,2,33.2,0
2025-03-04,33.2,23.9,28.2,76,0.0,14.0,1009.0,76,63,3,2,34.5,0
2025-03-05,34.5,23.9,28.4,74,0.0,13.5,1008.7,67,64,3,2,35.2,0
2025-03-06,35.2,23.6,28.9,66,0.0,16.6,1009.3,46,65,3,2,33.1,0
2025-03-07,33.1,22.8,27.5,68,0.0,14.1,1008.7,59,66,3,2,32.9,0
2025-03-08,32.9,23.1,27.6,71,0.0,16.1,1007.8,9,67,3,2,31.2,0
2025-03-09,31.2,23.4,27.5,72,0.0,14.9,1009.0,21,68,3,2,31.5,1
2025-03-10,31.5,25.6,28.3,61,0.1,17.4,1011.2,44,69,3,2,30.0,1
2025-03-11,30.0,24.5,26.9,78,14.8,18.6,1011.3,95,70,3,2,30.1,1
2025-03-12,30.1,24.0,26.8,85,1.8,12.1,1009.8,61,71,3,2,33.3,0
2025-03-13,33.3,24.0,28.1,80,0.0,14.8,1008.7,47,72,3,2,33.4,0
2025-03-14,33.4,24.7,28.6,76,0.0,16.2,1008.9,25,73,3,2,34.0,0
2025-03-15,34.0,25.0,28.9,72,0.0,16.7,1009.7,23,74,3,2,32.9,1
2025-03-16,32.9,25.1,28.9,75,0.4,14.4,1009.9,18,75,3,2,34.0,1
2025-03-17,34.0,25.9,29.4,75,0.1,18.2,1009.3,45,76,3,2,33.1,1
2025-03-18,33.1,25.9,29.4,75,0.2,17.2,1009.3,25,77,3,2,33.4,1
2025-03-19,33.4,26.4,29.5,74,0.4,17.0,1011.3,52,78,3,2,33.6,0
2025-03-20,33.6,27.0,29.7,69,0.0,16.3,1012.4,10,79,3,2,33.2,0
2025-03-21,33.2,27.4,29.7,69,0.0,15.6,1012.3,11,80,3,2,32.7,1
2025-03-22,32.7,27.0,29.5,74,0.4,16.8,1011.4,21,81,3,2,32.9,1
2025-03-23,32.9,27.0,29.6,71,0.2,14.4,1011.4,25,82,3,2,32.0,1
2025-03-24,32.0,26.2,29.0,75,0.6,15.4,1010.9,22,83,3,2,32.6,0
2025-03-25,32.6,24.9,28.8,73,0.0,14.8,1008.4,13,84,3,2,33.2,0
2025-03-26,33.2,24.7,29.0,71,0.0,16.2,1007.1,17,85,3,2,35.9,0
2025-03-27,35.9,25.3,29.8,69,0.0,18.2,1006.3,39,86,3,2,36.3,0
2025-03-28,36.3,25.4,30.1,69,0.0,19.2,1005.7,82,87,3,2,37.1,0
2025-03-29,37.1,24.7,30.4,66,0.0,15.8,1005.8,25,88,3,2,34.2,0
2025-03-30,34.2,24.3,29.4,71,0.0,17.2,1007.5,4,89,3,2,32.7,0
2025-03-31,32.7,25.5,29.2,68,0.0,15.2,1007.9,26,90,3,2,32.8,1
2025-04-01,32.8,25.0,29.2,62,0.2,15.5,1007.5,20,91,4,2,32.9,1
2025-04-02,32.9,27.2,29.9,67,0.8,15.5,1007.9,36,92,4,2,32.4,0
2025-04-03,32.4,26.1,29.1,74,0.0,14.9,1009.7,93,93,4,2,30.3,1
2025-04-04,30.3,26.4,28.4,79,7.3,13.2,1009.8,65,94,4,2,33.2,1
2025-04-05,33.2,24.8,29.1,72,2.9,13.5,1008.6,54,95,4,2,34.3,1
2025-04-06,34.3,26.5,30.0,70,0.1,13.8,1007.2,43,96,4,2,33.9,1
2025-04-07,33.9,26.6,30.1,73,0.2,15.7,1007.6,59,97,4,2,33.6,0
2025-04-08,33.6,26.5,30.2,70,0.0,16.3,1008.5,65,98,4,2,33.9,0
2025-04-09,33.9,26.9,30.1,69,0.0,16.6,1007.3,29,99,4,2,37.4,1
2025-04-10,37.4,25.9,30.9,68,0.5,15.3,1004.8,70,100,4,2,36.0,0
2025-04-11,36.0,28.5,31.4,70,0.0,14.6,1004.2,43,101,4,2,38.8,0
2025-04-12,38.8,27.3,31.8,64,0.0,14.8,1005.0,29,102,4,2,36.2,1
2025-04-13,36.2,27.2,31.2,72,2.3,12.5,1006.3,25,103,4,2,34.5,1
2025-04-14,34.5,26.7,30.3,74,0.1,14.3,1006.9,26,104,4,2,34.4,1
2025-04-15,34.4,27.3,30.3,71,2.9,16.9,1007.1,31,105,4,2,34.1,1
2025-04-16,34.1,27.9,30.5,68,2.0,17.8,1007.5,23,106,4,2,34.3,1
2025-04-17,34.3,27.7,30.2,73,4.2,18.2,1006.5,14,107,4,2,36.2,0
2025-04-18,36.2,27.6,31.0,71,0.0,20.2,1005.6,14,108,4,2,36.7,0
2025-04-19,36.7,28.0,31.6,70,0.0,17.0,1005.1,49,109,4,2,36.7,0
2025-04-20,36.7,28.2,31.6,71,0.0,20.6,1005.4,22,110,4,2,35.1,1
2025-04-21,35.1,28.1,31.0,74,0.2,18.0,1007.4,15,111,4,2,34.7,0
2025-04-22,34.7,26.8,30.8,71,0.0,17.9,1008.4,20,112,4,2,35.5,0
2025-04-23,35.5,27.5,31.2,69,0.0,18.6,1006.8,7,113,4,2,35.2,0
2025-04-24,35.2,27.9,31.2,71,0.0,19.3,1005.7,27,114,4,2,34.6,1
2025-04-25,34.6,28.0,31.0,73,0.4,19.6,1006.1,10,115,4,2,34.2,1
2025-04-26,34.2,27.9,30.9,72,0.4,19.8,1006.3,29,116,4,2,34.3,1
2025-04-27,34.3,28.1,30.8,70,0.2,17.6,1007.3,78,117,4,2,33.7,1
2025-04-28,33.7,27.5,30.6,68,0.3,16.5,1006.3,63,118,4,2,33.3,1
2025-04-29,33.3,28.0,30.6,70,0.5,18.4,1005.5,25,119,4,2,35.6,0
2025-04-30,35.6,28.0,31.3,69,0.0,17.4,1005.8,43,120,4,2,36.8,1
2025-05-01,36.8,28.1,31.6,68,1.2,18.2,1006.3,71,121,5,2,35.6,1
2025-05-02,35.6,28.9,31.5,70,0.4,18.3,1006.6,61,122,5,2,37.5,1
2025-05-03,37.5,28.3,32.0,68,0.5,19.1,1005.4,39,123,5,2,38.1,1
2025-05-04,38.1,28.9,31.8,69,1.0,16.0,1005.0,23,124,5,2,34.6,0
2025-05-05,34.6,26.7,30.3,71,0.0,18.1,1004.9,73,125,5,2,37.6,0
2025-05-06,37.6,27.4,31.3,73,0.0,17.2,1005.5,50,126,5,2,36.2,1
2025-05-07,36.2,27.9,31.4,68,0.6,15.9,1004.8,54,127,5,2,36.9,1
2025-05-08,36.9,26.6,31.0,68,9.6,14.4,1005.2,59,128,5,2,36.5,1
2025-05-09,36.5,26.2,30.9,67,0.2,15.3,1005.9,20,129,5,2,37.0,1
2025-05-10,37.0,27.0,31.6,67,1.4,15.8,1006.0,38,130,5,2,36.9,1
2025-05-11,36.9,28.5,32.0,69,0.1,14.1,1004.5,25,131,5,2,39.0,1
2025-05-12,39.0,28.1,32.6,63,0.1,14.7,1002.9,26,132,5,2,38.6,0
2025-05-13,38.6,28.9,32.9,61,0.0,16.2,1002.7,60,133,5,2,36.9,0
2025-05-14,36.9,28.6,32.2,70,0.0,15.9,1003.7,52,134,5,2,36.5,1
2025-05-15,36.5,28.7,32.1,67,0.5,14.2,1004.3,47,135,5,2,36.2,1
2025-05-16,36.2,27.3,31.6,72,2.9,16.3,1004.1,69,136,5,2,33.4,1
2025-05-17,33.4,25.7,29.5,74,2.4,13.3,1003.9,98,137,5,2,33.3,1
2025-05-18,33.3,25.9,29.4,75,12.4,14.1,1002.9,100,138,5,2,31.6,1
2025-05-19,31.6,24.9,27.6,88,21.1,10.0,1002.0,100,139,5,2,31.6,1
2025-05-20,31.6,26.3,28.1,86,2.7,12.0,1001.7,97,140,5,2,33.9,1
2025-05-21,33.9,26.3,29.6,77,0.8,10.9,1002.6,100,141,5,2,34.1,1
2025-05-22,34.1,26.6,30.0,66,0.3,14.5,1003.1,100,142,5,2,35.2,1
2025-05-23,35.2,26.9,30.4,73,6.1,17.5,1001.3,66,143,5,2,35.9,1
2025-05-24,35.9,27.4,31.3,66,0.2,17.1,1000.5,98,144,5,2,36.9,0
2025-05-25,36.9,27.4,31.7,60,0.0,16.9,1001.1,92,145,5,2,34.0,1
2025-05-26,34.0,27.7,30.5,63,0.5,22.2,1000.8,100,146,5,2,36.4,0
2025-05-27,36.4,28.2,31.7,56,0.0,25.5,999.5,100,147,5,2,37.4,1
2025-05-28,37.4,29.3,31.5,57,3.6,24.5,999.2,100,148,5,2,37.8,1
2025-05-29,37.8,28.9,32.2,53,2.1,26.6,999.1,100,149,5,2,36.0,1
2025-05-30,36.0,27.8,30.1,67,9.6,17.2,1000.4,100,150,5,2,36.2,0
2025-05-31,36.2,27.7,30.5,72,0.0,13.9,1002.8,98,151,5,2,37.4,0
2025-06-01,37.4,27.1,30.9,69,0.0,16.5,1004.1,88,152,6,3,36.2,1
2025-06-02,36.2,27.6,31.1,64,0.3,17.1,1004.4,99,153,6,3,38.3,1
2025-06-03,38.3,28.2,32.1,58,1.4,18.5,1004.5,73,154,6,3,37.8,1
2025-06-04,37.8,28.7,31.8,62,2.3,15.8,1004.9,77,155,6,3,37.3,1
2025-06-05,37.3,28.1,32.0,64,0.3,15.8,1005.5,68,156,6,3,37.9,1
2025-06-06,37.9,28.4,32.2,66,1.6,13.8,1005.7,22,157,6,3,38.1,1
2025-06-07,38.1,28.6,32.8,59,1.0,13.9,1005.2,69,158,6,3,38.0,1
2025-06-08,38.0,28.8,32.2,60,2.3,12.2,1004.3,79,159,6,3,37.2,1
2025-06-09,37.2,27.9,30.8,65,6.2,14.1,1002.8,93,160,6,3,37.0,1
2025-06-10,37.0,27.4,30.7,67,0.3,15.3,1000.1,85,161,6,3,36.0,1
2025-06-11,36.0,25.7,29.6,70,7.8,16.4,999.6,98,162,6,3,35.9,1
2025-06-12,35.9,25.6,29.8,72,3.0,19.7,999.6,94,163,6,3,35.7,1
2025-06-13,35.7,26.9,30.6,70,3.6,16.3,1000.4,76,164,6,3,35.3,1
2025-06-14,35.3,27.5,30.5,69,2.5,17.3,1001.2,97,165,6,3,34.6,0
2025-06-15,34.6,27.4,30.4,65,0.0,19.3,1001.2,97,166,6,3,34.6,0
2025-06-16,34.6,26.8,31.2,57,0.0,24.6,1001.8,99,167,6,3,37.1,1
2025-06-17,37.1,27.9,32.2,53,0.2,18.7,1003.6,99,168,6,3,37.6,1
2025-06-18,37.6,28.3,32.3,58,0.3,20.0,1003.8,96,169,6,3,37.4,1
2025-06-19,37.4,29.0,32.2,59,0.5,19.2,1003.5,99,170,6,3,38.8,1
2025-06-20,38.8,28.1,32.5,57,0.6,17.7,1004.3,91,171,6,3,37.9,1
2025-06-21,37.9,28.0,31.9,60,0.5,14.5,1004.3,94,172,6,3,37.0,1
2025-06-22,37.0,27.8,31.0,63,1.6,15.8,1003.6,100,173,6,3,34.1,0
2025-06-23,34.1,27.4,30.2,62,0.0,18.0,1002.9,100,174,6,3,36.9,1
2025-06-24,36.9,27.9,31.8,52,0.1,23.8,1001.9,100,175,6,3,35.8,1
2025-06-25,35.8,28.4,31.3,56,0.5,21.2,1002.1,100,176,6,3,36.0,1
2025-06-26,36.0,28.3,31.3,59,0.5,18.4,1002.8,100,177,6,3,37.5,1
2025-06-27,37.5,28.1,32.2,56,0.3,16.1,1003.4,98,178,6,3,37.4,1
2025-06-28,37.4,28.9,32.0,56,0.5,15.2,1003.7,99,179,6,3,39.7,1
2025-06-29,39.7,29.0,32.6,51,0.9,18.2,1002.6,86,180,6,3,37.9,1
2025-06-30,37.9,29.2,31.8,56,0.3,18.0,1002.5,98,181,6,3,37.2,1
2025-07-01,37.2,27.7,31.1,58,1.1,14.9,1002.8,100,182,7,3,36.9,1
2025-07-02,36.9,27.2,30.5,62,1.3,15.4,1002.9,100,183,7,3,33.0,0
2025-07-03,33.0,27.2,29.9,64,0.0,15.0,1003.7,100,184,7,3,38.2,1
2025-07-04,38.2,27.2,31.9,54,0.1,16.5,1004.4,100,185,7,3,37.3,1
2025-07-05,37.3,28.3,32.0,55,2.7,17.1,1004.0,100,186,7,3,37.9,1
2025-07-06,37.9,28.7,32.3,50,2.2,21.2,1003.1,100,187,7,3,38.4,1
2025-07-07,38.4,29.6,33.5,47,0.1,20.9,1002.7,95,188,7,3,40.0,1
2025-07-08,40.0,27.9,32.6,52,1.3,22.1,1003.2,74,189,7,3,37.5,1
2025-07-09,37.5,27.4,31.8,58,2.5,12.7,1003.5,95,190,7,3,36.5,1
2025-07-10,36.5,27.9,31.4,60,1.2,18.4,1003.2,64,191,7,3,37.6,1
2025-07-11,37.6,28.5,31.8,60,5.9,15.6,1002.5,46,192,7,3,37.7,1
2025-07-12,37.7,26.2,30.5,67,22.1,20.9,1003.2,74,193,7,3,35.1,1
2025-07-13,35.1,27.1,29.8,69,0.8,13.2,1003.4,100,194,7,3,35.5,1
2025-07-14,35.5,26.1,29.9,68,5.2,19.7,1003.5,100,195,7,3,37.2,1
2025-07-15,37.2,26.5,30.8,64,1.8,14.3,1002.6,88,196,7,3,36.9,1
2025-07-16,36.9,26.1,30.8,63,16.2,16.1,1002.0,80,197,7,3,34.5,1
2025-07-17,34.5,25.5,29.0,77,4.4,16.6,1002.4,91,198,7,3,31.6,1
2025-07-18,31.6,25.7,28.4,80,9.2,14.6,1002.6,96,199,7,3,31.1,1
2025-07-19,31.1,25.1,27.6,82,7.0,16.3,1000.6,97,200,7,3,32.6,1
2025-07-20,32.6,26.6,29.0,71,0.2,14.4,1000.0,98,201,7,3,30.0,1
2025-07-21,30.0,26.0,27.7,79,2.5,12.1,1001.4,100,202,7,3,32.0,1
2025-07-22,32.0,26.3,28.8,70,1.1,19.5,1001.7,90,203,7,3,29.6,1
2025-07-23,29.6,25.5,27.6,77,3.8,18.2,1001.6,99,204,7,3,31.3,1
2025-07-24,31.3,24.9,27.7,77,2.6,18.2,1001.2,100,205,7,3,31.8,1
2025-07-25,31.8,26.2,28.5,71,1.3,20.4,1001.2,100,206,7,3,34.3,1
2025-07-26,34.3,25.6,29.5,64,1.1,19.6,1002.6,100,207,7,3,34.9,1
2025-07-27,34.9,26.3,29.6,63,0.1,24.0,1003.9,86,208,7,3,35.9,0
2025-07-28,35.9,25.6,30.7,56,0.0,20.6,1003.9,65,209,7,3,37.3,0
2025-07-29,37.3,26.9,31.7,51,0.0,22.1,1003.9,62,210,7,3,37.3,1
2025-07-30,37.3,27.4,31.3,59,0.5,15.4,1003.8,95,211,7,3,36.2,1
2025-07-31,36.2,27.6,30.7,64,2.0,12.3,1004.2,98,212,7,3,35.1,1
2025-08-01,35.1,26.7,30.5,67,0.3,14.3,1003.8,100,213,8,3,35.8,1
2025-08-02,35.8,25.8,30.5,67,0.3,17.0,1003.7,93,214,8,3,34.8,1
2025-08-03,34.8,26.2,29.8,72,3.8,14.7,1004.6,100,215,8,3,33.4,1
2025-08-04,33.4,25.6,29.0,78,21.3,12.4,1005.0,99,216,8,3,32.9,1
2025-08-05,32.9,25.5,28.8,79,4.0,12.9,1004.7,71,217,8,3,33.7,1
2025-08-06,33.7,25.4,29.4,77,2.1,11.3,1003.9,38,218,8,3,33.0,1
2025-08-07,33.0,25.3,28.7,80,8.7,13.5,1003.9,67,219,8,3,31.4,1
2025-08-08,31.4,24.6,27.6,85,23.1,13.8,1005.6,92,220,8,3,31.0,1
2025-08-09,31.0,24.1,27.8,83,8.0,12.8,1006.9,99,221,8,3,33.5,1
2025-08-10,33.5,24.8,27.9,79,9.6,13.1,1006.6,100,222,8,3,33.1,1
2025-08-11,33.1,24.8,28.2,75,10.0,14.1,1005.8,99,223,8,3,30.2,1
2025-08-12,30.2,24.1,27.0,80,31.6,14.0,1004.1,100,224,8,3,29.1,1
2025-08-13,29.1,24.7,26.9,79,2.0,15.4,1003.1,100,225,8,3,32.8,1
2025-08-14,32.8,25.3,28.2,75,3.5,15.4,1003.5,96,226,8,3,32.7,1
2025-08-15,32.7,26.1,28.5,71,2.2,16.5,1002.4,98,227,8,3,30.6,1
2025-08-16,30.6,25.7,27.7,79,3.2,14.0,1000.7,100,228,8,3,29.6,1
2025-08-17,29.6,25.3,26.8,84,12.1,15.4,1001.6,100,229,8,3,30.3,1
2025-08-18,30.3,25.2,27.1,80,3.0,16.3,1003.6,100,230,8,3,31.1,1
2025-08-19,31.1,25.1,27.9,70,0.5,15.2,1004.0,100,231,8,3,33.8,0
2025-08-20,33.8,25.4,29.0,68,0.0,16.3,1005.0,72,232,8,3,33.8,1
2025-08-21,33.8,26.0,29.6,68,0.1,12.4,1006.6,83,233,8,3,33.9,1
2025-08-22,33.9,25.2,29.2,75,6.4,16.7,1006.7,100,234,8,3,30.3,1
2025-08-23,30.3,24.4,27.0,85,25.8,21.5,1006.2,100,235,8,3,34.0,1
2025-08-24,34.0,25.5,29.2,75,0.2,11.6,1006.2,66,236,8,3,34.5,0
2025-08-25,34.5,26.4,29.6,71,0.0,12.2,1005.4,94,237,8,3,34.2,0
2025-08-26,34.2,25.9,30.2,64,0.0,14.8,1004.7,98,238,8,3,33.8,1
2025-08-27,33.8,25.6,28.9,69,23.0,15.9,1003.9,100,239,8,3,34.5,1
2025-08-28,34.5,25.9,28.9,72,13.4,14.7,1003.2,100,240,8,3,34.9,1
2025-08-29,34.9,26.5,30.2,68,0.9,15.8,1004.1,97,241,8,3,36.8,1
2025-08-30,36.8,26.5,30.8,65,22.2,14.5,1005.3,63,242,8,3,34.6,1
2025-08-31,34.6,25.7,29.0,76,11.2,15.9,1004.9,82,243,8,3,31.4,1
2025-09-01,31.4,25.0,27.9,79,4.2,15.1,1003.0,100,244,9,3,36.0,1
2025-09-02,36.0,25.7,29.9,64,10.4,17.0,1002.3,100,245,9,3,35.8,1
2025-09-03,35.8,26.0,29.0,72,12.9,21.3,1002.7,100,246,9,3,35.9,1
2025-09-04,35.9,24.5,30.3,64,3.0,20.1,1003.5,93,247,9,3,36.8,1
2025-09-05,36.8,27.0,30.9,64,0.7,16.4,1004.8,48,248,9,3,34.4,1
2025-09-06,34.4,26.4,30.2,71,0.5,11.9,1005.8,45,249,9,3,35.4,1
2025-09-07,35.4,27.4,30.5,66,1.7,12.7,1005.3,70,250,9,3,35.1,1
2025-09-08,35.1,26.1,30.2,68,2.5,14.0,1005.0,59,251,9,3,35.2,1
2025-09-09,35.2,26.0,30.7,69,1.6,11.6,1005.7,60,252,9,3,36.2,1
2025-09-10,36.2,26.6,30.6,69,4.0,13.5,1005.7,41,253,9,3,33.2,1
2025-09-11,33.2,25.5,29.1,74,8.6,16.9,1005.2,95,254,9,3,34.3,1
2025-09-12,34.3,26.8,29.2,73,0.6,11.5,1004.9,100,255,9,3,32.9,1
2025-09-13,32.9,26.4,28.8,77,0.7,16.1,1005.3,99,256,9,3,31.7,1
2025-09-14,31.7,23.8,28.1,83,31.6,12.1,1006.2,80,257,9,3,33.9,1
2025-09-15,33.9,26.1,29.3,77,5.1,13.5,1005.4,89,258,9,3,32.2,1
2025-09-16,32.2,24.8,27.8,84,17.3,12.7,1005.6,94,259,9,3,31.3,1
2025-09-17,31.3,24.7,27.8,84,15.9,12.3,1005.9,71,260,9,3,32.4,1
2025-09-18,32.4,25.4,27.9,82,6.2,12.8,1005.6,62,261,9,3,30.4,1
2025-09-19,30.4,25.2,27.4,81,3.0,14.3,1006.2,99,262,9,3,31.1,1
2025-09-20,31.1,24.7,27.6,81,5.5,15.5,1005.5,98,263,9,3,31.2,1
2025-09-21,31.2,25.6,27.9,81,0.7,10.8,1004.6,99,264,9,3,32.4,1
2025-09-22,32.4,25.4,28.3,80,3.4,13.9,1005.4,97,265,9,3,32.0,1
2025-09-23,32.0,24.9,28.2,78,5.4,16.9,1005.7,100,266,9,3,32.8,1
2025-09-24,32.8,25.8,29.0,67,3.5,19.3,1004.3,97,267,9,3,33.8,1
2025-09-25,33.8,25.8,29.0,70,0.2,16.7,1003.1,76,268,9,3,33.3,1
2025-09-26,33.3,25.4,28.6,72,0.1,19.2,1002.8,99,269,9,3,33.8,1
2025-09-27,33.8,25.6,28.8,68,12.0,20.8,1003.9,94,270,9,3,33.7,1
2025-09-28,33.7,24.7,29.3,70,23.6,14.7,1004.6,93,271,9,3,33.3,1
2025-09-29,33.3,24.9,28.7,74,4.2,14.9,1004.5,100,272,9,3,31.0,0
2025-09-30,31.0,26.1,28.2,71,0.0,14.2,1003.7,100,273,9,3,31.9,1
2025-10-01,31.9,25.8,28.6,72,0.3,13.4,1003.3,100,274,10,4,32.8,1
2025-10-02,32.8,25.8,29.2,73,0.2,13.6,1005.3,95,275,10,4,33.1,1
2025-10-03,33.1,25.7,28.6,79,0.6,14.2,1007.7,80,276,10,4,31.6,1
2025-10-04,31.6,24.4,27.6,77,7.1,21.0,1008.9,90,277,10,4,33.0,1
2025-10-05,33.0,25.3,28.3,77,12.4,12.9,1008.3,43,278,10,4,32.7,1
2025-10-06,32.7,24.8,27.7,81,10.7,12.2,1008.8,65,279,10,4,31.4,1
2025-10-07,31.4,25.8,28.1,85,7.8,8.6,1008.8,53,280,10,4,31.7,1
2025-10-08,31.7,26.0,28.6,81,1.4,12.1,1008.6,41,281,10,4,31.6,1
2025-10-09,31.6,24.1,28.0,81,10.3,10.4,1008.8,70,282,10,4,30.4,1
2025-10-10,30.4,25.1,27.7,83,0.4,11.5,1007.7,89,283,10,4,31.2,1
2025-10-11,31.2,25.5,28.0,81,2.6,14.4,1007.4,43,284,10,4,30.7,1
2025-10-12,30.7,25.4,28.1,82,1.8,11.2,1006.9,30,285,10,4,31.8,1
2025-10-13,31.8,25.5,28.1,81,10.2,12.9,1007.1,67,286,10,4,30.9,1
2025-10-14,30.9,25.2,27.9,81,9.9,12.7,1006.0,49,287,10,4,28.2,1
2025-10-15,28.2,24.6,26.1,88,35.3,18.0,1006.0,100,288,10,4,29.2,1
2025-10-16,29.2,24.3,26.5,89,20.7,14.7,1006.3,100,289,10,4,28.3,1
2025-10-17,28.3,24.9,26.2,89,13.7,13.5,1007.9,99,290,10,4,27.4,1
2025-10-18,27.4,24.7,26.0,91,27.5,8.4,1007.3,100,291,10,4,28.7,1
2025-10-19,28.7,24.3,26.6,87,7.8,9.2,1006.6,100,292,10,4,28.2,1
2025-10-20,28.2,24.0,26.0,88,23.2,13.9,1006.3,100,293,10,4,26.6,1
2025-10-21,26.6,24.5,25.6,90,28.9,18.0,1005.8,99,294,10,4,29.0,1
2025-10-22,29.0,25.2,26.9,86,38.5,21.5,1005.5,94,295,10,4,29.8,1
2025-10-23,29.8,24.4,26.9,89,17.1,11.2,1006.5,92,296,10,4,27.2,1
2025-10-24,27.2,24.7,25.8,91,6.2,9.7,1007.6,100,297,10,4,28.2,1
2025-10-25,28.2,24.3,26.3,90,18.4,11.3,1007.7,95,298,10,4,29.9,1
2025-10-26,29.9,25.2,26.8,88,0.9,10.6,1007.1,96,299,10,4,26.4,1
2025-10-27,26.4,22.9,24.9,92,44.9,26.7,1005.7,100,300,10,4,25.9,1
2025-10-28,25.9,22.7,24.2,89,51.4,30.7,1003.3,100,301,10,4,32.4,0
2025-10-29,32.4,24.5,27.8,78,0.0,17.9,1005.1,62,302,10,4,32.8,1
2025-10-30,32.8,25.2,28.3,80,0.1,12.1,1007.9,19,303,10,4,33.2,0
2025-10-31,33.2,25.4,28.6,80,0.0,12.1,1009.2,6,304,10,4,31.9,1
2025-11-01,31.9,25.7,28.5,85,0.6,11.6,1009.0,59,305,11,4,32.0,1
2025-11-02,32.0,25.2,28.3,83,5.0,12.4,1009.5,97,306,11,4,32.5,1
2025-11-03,32.5,25.4,27.9,82,8.0,20.7,1008.8,78,307,11,4,31.9,1
2025-11-04,31.9,24.2,27.8,80,18.5,12.1,1008.4,76,308,11,4,31.2,1
2025-11-05,31.2,24.2,27.5,83,3.1,12.2,1007.6,45,309,11,4,29.9,1
2025-11-06,29.9,24.5,27.0,81,0.9,8.5,1008.4,67,310,11,4,31.0,1
2025-11-07,31.0,25.6,27.8,77,4.5,11.3,1009.4,66,311,11,4,31.9,1
2025-11-08,31.9,24.6,28.0,69,0.9,16.1,1010.2,19,312,11,4,30.8,1
2025-11-09,30.8,24.4,27.7,69,0.4,16.3,1009.7,18,313,11,4,30.5,1
2025-11-10,30.5,25.4,27.7,72,1.1,15.4,1009.8,45,314,11,4,31.4,1
2025-11-11,31.4,25.9,27.9,74,1.3,15.6,1010.3,45,315,11,4,30.8,1
2025-11-12,30.8,26.9,28.5,70,0.2,17.4,1010.8,37,316,11,4,29.5,1
2025-11-13,29.5,24.8,27.3,73,0.7,17.3,1011.7,37,317,11,4,30.0,0
2025-11-14,30.0,26.0,27.7,56,0.0,21.1,1011.6,38,318,11,4,30.7,1
2025-11-15,30.7,23.6,27.0,67,0.2,19.7,1011.9,76,319,11,4,28.6,1
2025-11-16,28.6,25.1,26.7,73,0.7,24.2,1012.4,90,320,11,4,26.8,1
2025-11-17,26.8,23.8,24.8,87,27.5,23.4,1011.9,100,321,11,4,27.6,1
2025-11-18,27.6,23.2,25.4,87,11.5,16.4,1010.5,77,322,11,4,29.0,1
2025-11-19,29.0,23.3,26.0,79,0.7,20.4,1010.8,36,323,11,4,28.2,1
2025-11-20,28.2,24.0,26.2,76,0.3,19.5,1011.2,93,324,11,4,28.8,1
2025-11-21,28.8,24.6,26.3,87,6.8,15.8,1011.9,94,325,11,4,29.1,1
2025-11-22,29.1,24.0,26.1,87,11.5,20.4,1011.7,96,326,11,4,28.7,1
2025-11-23,28.7,23.5,25.6,88,11.8,16.2,1011.8,95,327,11,4,28.3,1
2025-11-24,28.3,23.8,26.4,82,4.4,18.4,1012.2,99,328,11,4,28.2,1
2025-11-25,28.2,25.1,26.6,74,0.8,20.0,1011.8,67,329,11,4,28.2,1
2025-11-26,28.2,24.6,26.3,73,0.5,19.1,1012.1,94,330,11,4,28.2,0
2025-11-27,28.2,25.2,26.4,67,0.0,24.3,1011.8,93,331,11,4,28.2,1
2025-11-28,28.2,25.0,26.4,66,0.6,23.2,1010.1,99,332,11,4,27.8,1
2025-11-29,27.8,23.9,25.9,79,22.3,28.7,1007.9,100,333,11,4,25.9,1
2025-11-30,25.9,23.9,24.8,89,73.1,29.4,1006.8,99,334,11,4,25.4,1
2025-12-01,25.4,23.7,24.5,94,90.0,36.4,1006.3,100,335,12,4,25.1,1
2025-12-02,25.1,23.1,24.0,95,142.3,27.9,1007.5,100,336,12,4,26.3,1
2025-12-03,26.3,23.0,24.5,93,72.7,19.6,1010.5,100,337,12,4,27.5,1
2025-12-04,27.5,23.3,24.6,91,17.5,14.4,1012.4,88,338,12,4,28.5,1
2025-12-05,28.5,24.6,26.3,78,1.0,22.4,1012.8,80,339,12,4,28.6,1
2025-12-06,28.6,24.8,26.3,76,1.0,18.7,1013.2,47,340,12,4,27.5,1
2025-12-07,27.5,24.6,25.9,77,1.3,20.8,1013.4,68,341,12,4,27.3,1
2025-12-08,27.3,23.4,25.2,76,0.2,19.3,1012.9,66,342,12,4,28.2,1
2025-12-09,28.2,23.9,25.7,77,0.5,20.2,1012.1,75,343,12,4,27.3,0
2025-12-10,27.3,23.5,25.3,74,0.0,20.6,1012.7,71,344,12,4,28.1,0
2025-12-11,28.1,24.5,25.7,70,0.0,20.8,1012.3,23,345,12,4,27.3,0
2025-12-12,27.3,23.6,25.2,69,0.0,19.5,1011.9,56,346,12,4,27.6,0
2025-12-13,27.6,20.8,24.5,70,0.0,15.9,1012.3,21,347,12,4,28.1,0
2025-12-14,28.1,23.6,25.4,61,0.0,16.5,1012.8,29,348,12,4,28.4,0
2025-12-15,28.4,23.0,25.6,64,0.0,18.5,1012.7,29,349,12,4,27.3,1
2025-12-16,27.3,24.7,25.6,79,4.3,19.3,1012.0,87,350,12,4,28.3,1
2025-12-17,28.3,23.9,25.6,80,1.9,21.0,1013.1,47,351,12,4,28.0,1
2025-12-18,28.0,22.7,25.2,71,0.4,17.3,1013.2,77,352,12,4,28.7,0
2025-12-19,28.7,22.5,25.4,64,0.0,12.9,1011.9,55,353,12,4,29.0,1
2025-12-20,29.0,20.9,25.1,64,0.1,12.0,1010.7,49,354,12,4,29.1,1
2025-12-21,29.1,22.2,25.5,65,0.2,15.2,1011.4,29,355,12,4,29.1,0
2025-12-22,29.1,23.5,26.1,59,0.0,16.8,1011.3,70,356,12,4,28.7,0
2025-12-23,28.7,21.3,25.3,65,0.0,15.6,1010.7,44,357,12,4,28.8,1
2025-12-24,28.8,22.7,25.6,65,0.1,14.1,1010.9,46,358,12,4,27.5,1
2025-12-25,27.5,21.7,24.8,74,0.7,16.4,1011.5,53,359,12,4,28.2,0
2025-12-26,28.2,24.1,25.9,66,0.0,18.9,1011.6,50,360,12,4,28.9,1
2025-12-27,28.9,22.7,25.6,62,0.1,18.1,1011.9,21,361,12,4,28.5,0
2025-12-28,28.5,22.0,25.4,64,0.0,16.7,1012.5,19,362,12,4,28.0,0
2025-12-29,28.0,23.6,25.4,65,0.0,16.8,1012.1,42,363,12,4,28.8,0
2025-12-30,28.8,21.6,25.5,71,0.0,15.4,1011.2,61,364,12,4,29.0,1
